Year,Province,Area Council,Sex,Age ,Value
2016,Malampa,central malekula,Male,0-4,493
2016,Malampa,central malekula,Male,5-9,418
2016,Malampa,central malekula,Male,10-14,315
2016,Malampa,central malekula,Male,15-19,251
2016,Malampa,central malekula,Male,20-24,207
2016,Malampa,central malekula,Male,25-29,231
2016,Malampa,central malekula,Male,30-34,201
2016,Malampa,central malekula,Male,35-39,199
2016,Malampa,central malekula,Male,40-44,170
2016,Malampa,central malekula,Male,45-49,156
2016,Malampa,central malekula,Male,50-54,107
2016,Malampa,central malekula,Male,55-59,83
2016,Malampa,central malekula,Male,60-64,67
2016,Malampa,central malekula,Male,65-69,52
2016,Malampa,central malekula,Male,70 +,104
2016,Malampa,central malekula,Female,0-4,464
2016,Malampa,central malekula,Female,5-9,419
2016,Malampa,central malekula,Female,10-14,312
2016,Malampa,central malekula,Female,15-19,217
2016,Malampa,central malekula,Female,20-24,242
2016,Malampa,central malekula,Female,25-29,265
2016,Malampa,central malekula,Female,30-34,228
2016,Malampa,central malekula,Female,35-39,216
2016,Malampa,central malekula,Female,40-44,171
2016,Malampa,central malekula,Female,45-49,127
2016,Malampa,central malekula,Female,50-54,118
2016,Malampa,central malekula,Female,55-59,92
2016,Malampa,central malekula,Female,60-64,63
2016,Malampa,central malekula,Female,65-69,50
2016,Malampa,central malekula,Female,70 +,77
2016,Malampa,north ambrym,Male,0-4,213
2016,Malampa,north ambrym,Male,5-9,214
2016,Malampa,north ambrym,Male,10-14,196
2016,Malampa,north ambrym,Male,15-19,117
2016,Malampa,north ambrym,Male,20-24,101
2016,Malampa,north ambrym,Male,25-29,89
2016,Malampa,north ambrym,Male,30-34,80
2016,Malampa,north ambrym,Male,35-39,72
2016,Malampa,north ambrym,Male,40-44,72
2016,Malampa,north ambrym,Male,45-49,59
2016,Malampa,north ambrym,Male,50-54,58
2016,Malampa,north ambrym,Male,55-59,41
2016,Malampa,north ambrym,Male,60-64,46
2016,Malampa,north ambrym,Male,65-69,22
2016,Malampa,north ambrym,Male,70 +,79
2016,Malampa,north ambrym,Female,0-4,205
2016,Malampa,north ambrym,Female,5-9,211
2016,Malampa,north ambrym,Female,10-14,173
2016,Malampa,north ambrym,Female,15-19,122
2016,Malampa,north ambrym,Female,20-24,113
2016,Malampa,north ambrym,Female,25-29,137
2016,Malampa,north ambrym,Female,30-34,107
2016,Malampa,north ambrym,Female,35-39,94
2016,Malampa,north ambrym,Female,40-44,72
2016,Malampa,north ambrym,Female,45-49,64
2016,Malampa,north ambrym,Female,50-54,62
2016,Malampa,north ambrym,Female,55-59,45
2016,Malampa,north ambrym,Female,60-64,47
2016,Malampa,north ambrym,Female,65-69,36
2016,Malampa,north ambrym,Female,70 +,72
2016,Malampa,north east malekula,Male,0-4,536
2016,Malampa,north east malekula,Male,5-9,552
2016,Malampa,north east malekula,Male,10-14,416
2016,Malampa,north east malekula,Male,15-19,254
2016,Malampa,north east malekula,Male,20-24,193
2016,Malampa,north east malekula,Male,25-29,222
2016,Malampa,north east malekula,Male,30-34,243
2016,Malampa,north east malekula,Male,35-39,223
2016,Malampa,north east malekula,Male,40-44,159
2016,Malampa,north east malekula,Male,45-49,165
2016,Malampa,north east malekula,Male,50-54,136
2016,Malampa,north east malekula,Male,55-59,119
2016,Malampa,north east malekula,Male,60-64,93
2016,Malampa,north east malekula,Male,65-69,91
2016,Malampa,north east malekula,Male,70 +,206
2016,Malampa,north east malekula,Female,0-4,480
2016,Malampa,north east malekula,Female,5-9,576
2016,Malampa,north east malekula,Female,10-14,369
2016,Malampa,north east malekula,Female,15-19,235
2016,Malampa,north east malekula,Female,20-24,247
2016,Malampa,north east malekula,Female,25-29,263
2016,Malampa,north east malekula,Female,30-34,269
2016,Malampa,north east malekula,Female,35-39,223
2016,Malampa,north east malekula,Female,40-44,163
2016,Malampa,north east malekula,Female,45-49,140
2016,Malampa,north east malekula,Female,50-54,149
2016,Malampa,north east malekula,Female,55-59,123
2016,Malampa,north east malekula,Female,60-64,92
2016,Malampa,north east malekula,Female,65-69,50
2016,Malampa,north east malekula,Female,70 +,163
2016,Malampa,north west malekula,Male,0-4,448
2016,Malampa,north west malekula,Male,5-9,493
2016,Malampa,north west malekula,Male,10-14,357
2016,Malampa,north west malekula,Male,15-19,227
2016,Malampa,north west malekula,Male,20-24,149
2016,Malampa,north west malekula,Male,25-29,187
2016,Malampa,north west malekula,Male,30-34,179
2016,Malampa,north west malekula,Male,35-39,171
2016,Malampa,north west malekula,Male,40-44,97
2016,Malampa,north west malekula,Male,45-49,104
2016,Malampa,north west malekula,Male,50-54,64
2016,Malampa,north west malekula,Male,55-59,55
2016,Malampa,north west malekula,Male,60-64,52
2016,Malampa,north west malekula,Male,65-69,54
2016,Malampa,north west malekula,Male,70 +,126
2016,Malampa,north west malekula,Female,0-4,435
2016,Malampa,north west malekula,Female,5-9,425
2016,Malampa,north west malekula,Female,10-14,302
2016,Malampa,north west malekula,Female,15-19,194
2016,Malampa,north west malekula,Female,20-24,181
2016,Malampa,north west malekula,Female,25-29,236
2016,Malampa,north west malekula,Female,30-34,201
2016,Malampa,north west malekula,Female,35-39,151
2016,Malampa,north west malekula,Female,40-44,121
2016,Malampa,north west malekula,Female,45-49,106
2016,Malampa,north west malekula,Female,50-54,64
2016,Malampa,north west malekula,Female,55-59,48
2016,Malampa,north west malekula,Female,60-64,34
2016,Malampa,north west malekula,Female,65-69,45
2016,Malampa,north west malekula,Female,70 +,101
2016,Malampa,paama,Male,0-4,99
2016,Malampa,paama,Male,5-9,115
2016,Malampa,paama,Male,10-14,109
2016,Malampa,paama,Male,15-19,68
2016,Malampa,paama,Male,20-24,49
2016,Malampa,paama,Male,25-29,47
2016,Malampa,paama,Male,30-34,33
2016,Malampa,paama,Male,35-39,42
2016,Malampa,paama,Male,40-44,42
2016,Malampa,paama,Male,45-49,37
2016,Malampa,paama,Male,50-54,34
2016,Malampa,paama,Male,55-59,25
2016,Malampa,paama,Male,60-64,32
2016,Malampa,paama,Male,65-69,20
2016,Malampa,paama,Male,70 +,68
2016,Malampa,paama,Female,0-4,101
2016,Malampa,paama,Female,5-9,94
2016,Malampa,paama,Female,10-14,100
2016,Malampa,paama,Female,15-19,60
2016,Malampa,paama,Female,20-24,49
2016,Malampa,paama,Female,25-29,54
2016,Malampa,paama,Female,30-34,58
2016,Malampa,paama,Female,35-39,42
2016,Malampa,paama,Female,40-44,40
2016,Malampa,paama,Female,45-49,30
2016,Malampa,paama,Female,50-54,54
2016,Malampa,paama,Female,55-59,20
2016,Malampa,paama,Female,60-64,33
2016,Malampa,paama,Female,65-69,20
2016,Malampa,paama,Female,70 +,56
2016,Malampa,south east ambrym,Male,0-4,87
2016,Malampa,south east ambrym,Male,5-9,147
2016,Malampa,south east ambrym,Male,10-14,94
2016,Malampa,south east ambrym,Male,15-19,40
2016,Malampa,south east ambrym,Male,20-24,55
2016,Malampa,south east ambrym,Male,25-29,48
2016,Malampa,south east ambrym,Male,30-34,62
2016,Malampa,south east ambrym,Male,35-39,39
2016,Malampa,south east ambrym,Male,40-44,43
2016,Malampa,south east ambrym,Male,45-49,30
2016,Malampa,south east ambrym,Male,50-54,41
2016,Malampa,south east ambrym,Male,55-59,20
2016,Malampa,south east ambrym,Male,60-64,28
2016,Malampa,south east ambrym,Male,65-69,12
2016,Malampa,south east ambrym,Male,70 +,45
2016,Malampa,south east ambrym,Female,0-4,90
2016,Malampa,south east ambrym,Female,5-9,122
2016,Malampa,south east ambrym,Female,10-14,73
2016,Malampa,south east ambrym,Female,15-19,29
2016,Malampa,south east ambrym,Female,20-24,63
2016,Malampa,south east ambrym,Female,25-29,63
2016,Malampa,south east ambrym,Female,30-34,60
2016,Malampa,south east ambrym,Female,35-39,39
2016,Malampa,south east ambrym,Female,40-44,48
2016,Malampa,south east ambrym,Female,45-49,33
2016,Malampa,south east ambrym,Female,50-54,33
2016,Malampa,south east ambrym,Female,55-59,20
2016,Malampa,south east ambrym,Female,60-64,30
2016,Malampa,south east ambrym,Female,65-69,13
2016,Malampa,south east ambrym,Female,70 +,42
2016,Malampa,south east malekula,Male,0-4,424
2016,Malampa,south east malekula,Male,5-9,427
2016,Malampa,south east malekula,Male,10-14,278
2016,Malampa,south east malekula,Male,15-19,205
2016,Malampa,south east malekula,Male,20-24,209
2016,Malampa,south east malekula,Male,25-29,188
2016,Malampa,south east malekula,Male,30-34,162
2016,Malampa,south east malekula,Male,35-39,140
2016,Malampa,south east malekula,Male,40-44,106
2016,Malampa,south east malekula,Male,45-49,115
2016,Malampa,south east malekula,Male,50-54,73
2016,Malampa,south east malekula,Male,55-59,60
2016,Malampa,south east malekula,Male,60-64,61
2016,Malampa,south east malekula,Male,65-69,35
2016,Malampa,south east malekula,Male,70 +,64
2016,Malampa,south east malekula,Female,0-4,415
2016,Malampa,south east malekula,Female,5-9,334
2016,Malampa,south east malekula,Female,10-14,251
2016,Malampa,south east malekula,Female,15-19,177
2016,Malampa,south east malekula,Female,20-24,249
2016,Malampa,south east malekula,Female,25-29,176
2016,Malampa,south east malekula,Female,30-34,156
2016,Malampa,south east malekula,Female,35-39,145
2016,Malampa,south east malekula,Female,40-44,113
2016,Malampa,south east malekula,Female,45-49,91
2016,Malampa,south east malekula,Female,50-54,86
2016,Malampa,south east malekula,Female,55-59,67
2016,Malampa,south east malekula,Female,60-64,55
2016,Malampa,south east malekula,Female,65-69,28
2016,Malampa,south east malekula,Female,70 +,52
2016,Malampa,south malekula,Male,0-4,242
2016,Malampa,south malekula,Male,5-9,286
2016,Malampa,south malekula,Male,10-14,234
2016,Malampa,south malekula,Male,15-19,145
2016,Malampa,south malekula,Male,20-24,131
2016,Malampa,south malekula,Male,25-29,132
2016,Malampa,south malekula,Male,30-34,118
2016,Malampa,south malekula,Male,35-39,128
2016,Malampa,south malekula,Male,40-44,104
2016,Malampa,south malekula,Male,45-49,99
2016,Malampa,south malekula,Male,50-54,63
2016,Malampa,south malekula,Male,55-59,65
2016,Malampa,south malekula,Male,60-64,60
2016,Malampa,south malekula,Male,65-69,41
2016,Malampa,south malekula,Male,70 +,70
2016,Malampa,south malekula,Female,0-4,267
2016,Malampa,south malekula,Female,5-9,299
2016,Malampa,south malekula,Female,10-14,237
2016,Malampa,south malekula,Female,15-19,161
2016,Malampa,south malekula,Female,20-24,163
2016,Malampa,south malekula,Female,25-29,153
2016,Malampa,south malekula,Female,30-34,122
2016,Malampa,south malekula,Female,35-39,136
2016,Malampa,south malekula,Female,40-44,91
2016,Malampa,south malekula,Female,45-49,86
2016,Malampa,south malekula,Female,50-54,73
2016,Malampa,south malekula,Female,55-59,57
2016,Malampa,south malekula,Female,60-64,31
2016,Malampa,south malekula,Female,65-69,29
2016,Malampa,south malekula,Female,70 +,56
2016,Malampa,south west malekula,Male,0-4,286
2016,Malampa,south west malekula,Male,5-9,264
2016,Malampa,south west malekula,Male,10-14,186
2016,Malampa,south west malekula,Male,15-19,107
2016,Malampa,south west malekula,Male,20-24,111
2016,Malampa,south west malekula,Male,25-29,155
2016,Malampa,south west malekula,Male,30-34,121
2016,Malampa,south west malekula,Male,35-39,102
2016,Malampa,south west malekula,Male,40-44,102
2016,Malampa,south west malekula,Male,45-49,78
2016,Malampa,south west malekula,Male,50-54,73
2016,Malampa,south west malekula,Male,55-59,52
2016,Malampa,south west malekula,Male,60-64,40
2016,Malampa,south west malekula,Male,65-69,41
2016,Malampa,south west malekula,Male,70 +,74
2016,Malampa,south west malekula,Female,0-4,268
2016,Malampa,south west malekula,Female,5-9,229
2016,Malampa,south west malekula,Female,10-14,152
2016,Malampa,south west malekula,Female,15-19,101
2016,Malampa,south west malekula,Female,20-24,124
2016,Malampa,south west malekula,Female,25-29,143
2016,Malampa,south west malekula,Female,30-34,135
2016,Malampa,south west malekula,Female,35-39,123
2016,Malampa,south west malekula,Female,40-44,98
2016,Malampa,south west malekula,Female,45-49,87
2016,Malampa,south west malekula,Female,50-54,73
2016,Malampa,south west malekula,Female,55-59,47
2016,Malampa,south west malekula,Female,60-64,29
2016,Malampa,south west malekula,Female,65-69,31
2016,Malampa,south west malekula,Female,70 +,56
2016,Malampa,west ambrym,Male,0-4,201
2016,Malampa,west ambrym,Male,5-9,194
2016,Malampa,west ambrym,Male,10-14,200
2016,Malampa,west ambrym,Male,15-19,123
2016,Malampa,west ambrym,Male,20-24,101
2016,Malampa,west ambrym,Male,25-29,99
2016,Malampa,west ambrym,Male,30-34,69
2016,Malampa,west ambrym,Male,35-39,81
2016,Malampa,west ambrym,Male,40-44,64
2016,Malampa,west ambrym,Male,45-49,63
2016,Malampa,west ambrym,Male,50-54,58
2016,Malampa,west ambrym,Male,55-59,45
2016,Malampa,west ambrym,Male,60-64,39
2016,Malampa,west ambrym,Male,65-69,24
2016,Malampa,west ambrym,Male,70 +,67
2016,Malampa,west ambrym,Female,0-4,167
2016,Malampa,west ambrym,Female,5-9,181
2016,Malampa,west ambrym,Female,10-14,168
2016,Malampa,west ambrym,Female,15-19,101
2016,Malampa,west ambrym,Female,20-24,125
2016,Malampa,west ambrym,Female,25-29,102
2016,Malampa,west ambrym,Female,30-34,91
2016,Malampa,west ambrym,Female,35-39,73
2016,Malampa,west ambrym,Female,40-44,92
2016,Malampa,west ambrym,Female,45-49,56
2016,Malampa,west ambrym,Female,50-54,53
2016,Malampa,west ambrym,Female,55-59,54
2016,Malampa,west ambrym,Female,60-64,44
2016,Malampa,west ambrym,Female,65-69,28
2016,Malampa,west ambrym,Female,70 +,54
2016,Penama,central pentecost 1,Male,0-4,210
2016,Penama,central pentecost 1,Male,5-9,206
2016,Penama,central pentecost 1,Male,10-14,173
2016,Penama,central pentecost 1,Male,15-19,122
2016,Penama,central pentecost 1,Male,20-24,101
2016,Penama,central pentecost 1,Male,25-29,95
2016,Penama,central pentecost 1,Male,30-34,90
2016,Penama,central pentecost 1,Male,35-39,68
2016,Penama,central pentecost 1,Male,40-44,69
2016,Penama,central pentecost 1,Male,45-49,60
2016,Penama,central pentecost 1,Male,50-54,52
2016,Penama,central pentecost 1,Male,55-59,26
2016,Penama,central pentecost 1,Male,60-64,27
2016,Penama,central pentecost 1,Male,65-69,12
2016,Penama,central pentecost 1,Male,70 +,46
2016,Penama,central pentecost 1,Female,0-4,172
2016,Penama,central pentecost 1,Female,5-9,198
2016,Penama,central pentecost 1,Female,10-14,154
2016,Penama,central pentecost 1,Female,15-19,102
2016,Penama,central pentecost 1,Female,20-24,111
2016,Penama,central pentecost 1,Female,25-29,105
2016,Penama,central pentecost 1,Female,30-34,85
2016,Penama,central pentecost 1,Female,35-39,59
2016,Penama,central pentecost 1,Female,40-44,66
2016,Penama,central pentecost 1,Female,45-49,60
2016,Penama,central pentecost 1,Female,50-54,52
2016,Penama,central pentecost 1,Female,55-59,32
2016,Penama,central pentecost 1,Female,60-64,30
2016,Penama,central pentecost 1,Female,65-69,20
2016,Penama,central pentecost 1,Female,70 +,44
2016,Penama,central pentecost 2,Male,0-4,295
2016,Penama,central pentecost 2,Male,5-9,303
2016,Penama,central pentecost 2,Male,10-14,196
2016,Penama,central pentecost 2,Male,15-19,126
2016,Penama,central pentecost 2,Male,20-24,114
2016,Penama,central pentecost 2,Male,25-29,112
2016,Penama,central pentecost 2,Male,30-34,118
2016,Penama,central pentecost 2,Male,35-39,119
2016,Penama,central pentecost 2,Male,40-44,88
2016,Penama,central pentecost 2,Male,45-49,100
2016,Penama,central pentecost 2,Male,50-54,53
2016,Penama,central pentecost 2,Male,55-59,60
2016,Penama,central pentecost 2,Male,60-64,39
2016,Penama,central pentecost 2,Male,65-69,36
2016,Penama,central pentecost 2,Male,70 +,70
2016,Penama,central pentecost 2,Female,0-4,293
2016,Penama,central pentecost 2,Female,5-9,290
2016,Penama,central pentecost 2,Female,10-14,209
2016,Penama,central pentecost 2,Female,15-19,174
2016,Penama,central pentecost 2,Female,20-24,127
2016,Penama,central pentecost 2,Female,25-29,148
2016,Penama,central pentecost 2,Female,30-34,126
2016,Penama,central pentecost 2,Female,35-39,140
2016,Penama,central pentecost 2,Female,40-44,94
2016,Penama,central pentecost 2,Female,45-49,92
2016,Penama,central pentecost 2,Female,50-54,47
2016,Penama,central pentecost 2,Female,55-59,55
2016,Penama,central pentecost 2,Female,60-64,38
2016,Penama,central pentecost 2,Female,65-69,26
2016,Penama,central pentecost 2,Female,70 +,81
2016,Penama,east ambae,Male,0-4,173
2016,Penama,east ambae,Male,5-9,171
2016,Penama,east ambae,Male,10-14,93
2016,Penama,east ambae,Male,15-19,63
2016,Penama,east ambae,Male,20-24,89
2016,Penama,east ambae,Male,25-29,91
2016,Penama,east ambae,Male,30-34,84
2016,Penama,east ambae,Male,35-39,73
2016,Penama,east ambae,Male,40-44,58
2016,Penama,east ambae,Male,45-49,49
2016,Penama,east ambae,Male,50-54,53
2016,Penama,east ambae,Male,55-59,38
2016,Penama,east ambae,Male,60-64,24
2016,Penama,east ambae,Male,65-69,22
2016,Penama,east ambae,Male,70 +,48
2016,Penama,east ambae,Female,0-4,131
2016,Penama,east ambae,Female,5-9,133
2016,Penama,east ambae,Female,10-14,54
2016,Penama,east ambae,Female,15-19,54
2016,Penama,east ambae,Female,20-24,101
2016,Penama,east ambae,Female,25-29,109
2016,Penama,east ambae,Female,30-34,65
2016,Penama,east ambae,Female,35-39,43
2016,Penama,east ambae,Female,40-44,53
2016,Penama,east ambae,Female,45-49,67
2016,Penama,east ambae,Female,50-54,42
2016,Penama,east ambae,Female,55-59,40
2016,Penama,east ambae,Female,60-64,22
2016,Penama,east ambae,Female,65-69,23
2016,Penama,east ambae,Female,70 +,50
2016,Penama,north ambae,Male,0-4,291
2016,Penama,north ambae,Male,5-9,299
2016,Penama,north ambae,Male,10-14,189
2016,Penama,north ambae,Male,15-19,108
2016,Penama,north ambae,Male,20-24,144
2016,Penama,north ambae,Male,25-29,119
2016,Penama,north ambae,Male,30-34,84
2016,Penama,north ambae,Male,35-39,108
2016,Penama,north ambae,Male,40-44,76
2016,Penama,north ambae,Male,45-49,110
2016,Penama,north ambae,Male,50-54,72
2016,Penama,north ambae,Male,55-59,65
2016,Penama,north ambae,Male,60-64,32
2016,Penama,north ambae,Male,65-69,29
2016,Penama,north ambae,Male,70 +,59
2016,Penama,north ambae,Female,0-4,269
2016,Penama,north ambae,Female,5-9,271
2016,Penama,north ambae,Female,10-14,211
2016,Penama,north ambae,Female,15-19,91
2016,Penama,north ambae,Female,20-24,145
2016,Penama,north ambae,Female,25-29,150
2016,Penama,north ambae,Female,30-34,88
2016,Penama,north ambae,Female,35-39,88
2016,Penama,north ambae,Female,40-44,114
2016,Penama,north ambae,Female,45-49,81
2016,Penama,north ambae,Female,50-54,64
2016,Penama,north ambae,Female,55-59,50
2016,Penama,north ambae,Female,60-64,45
2016,Penama,north ambae,Female,65-69,33
2016,Penama,north ambae,Female,70 +,79
2016,Penama,north maewo,Male,0-4,203
2016,Penama,north maewo,Male,5-9,150
2016,Penama,north maewo,Male,10-14,125
2016,Penama,north maewo,Male,15-19,97
2016,Penama,north maewo,Male,20-24,88
2016,Penama,north maewo,Male,25-29,87
2016,Penama,north maewo,Male,30-34,76
2016,Penama,north maewo,Male,35-39,61
2016,Penama,north maewo,Male,40-44,69
2016,Penama,north maewo,Male,45-49,60
2016,Penama,north maewo,Male,50-54,57
2016,Penama,north maewo,Male,55-59,24
2016,Penama,north maewo,Male,60-64,33
2016,Penama,north maewo,Male,65-69,15
2016,Penama,north maewo,Male,70 +,46
2016,Penama,north maewo,Female,0-4,155
2016,Penama,north maewo,Female,5-9,173
2016,Penama,north maewo,Female,10-14,115
2016,Penama,north maewo,Female,15-19,87
2016,Penama,north maewo,Female,20-24,97
2016,Penama,north maewo,Female,25-29,88
2016,Penama,north maewo,Female,30-34,73
2016,Penama,north maewo,Female,35-39,65
2016,Penama,north maewo,Female,40-44,75
2016,Penama,north maewo,Female,45-49,47
2016,Penama,north maewo,Female,50-54,38
2016,Penama,north maewo,Female,55-59,32
2016,Penama,north maewo,Female,60-64,24
2016,Penama,north maewo,Female,65-69,18
2016,Penama,north maewo,Female,70 +,32
2016,Penama,north pentecost,Male,0-4,524
2016,Penama,north pentecost,Male,5-9,551
2016,Penama,north pentecost,Male,10-14,413
2016,Penama,north pentecost,Male,15-19,208
2016,Penama,north pentecost,Male,20-24,161
2016,Penama,north pentecost,Male,25-29,144
2016,Penama,north pentecost,Male,30-34,153
2016,Penama,north pentecost,Male,35-39,177
2016,Penama,north pentecost,Male,40-44,139
2016,Penama,north pentecost,Male,45-49,122
2016,Penama,north pentecost,Male,50-54,103
2016,Penama,north pentecost,Male,55-59,83
2016,Penama,north pentecost,Male,60-64,56
2016,Penama,north pentecost,Male,65-69,51
2016,Penama,north pentecost,Male,70 +,125
2016,Penama,north pentecost,Female,0-4,421
2016,Penama,north pentecost,Female,5-9,444
2016,Penama,north pentecost,Female,10-14,381
2016,Penama,north pentecost,Female,15-19,157
2016,Penama,north pentecost,Female,20-24,188
2016,Penama,north pentecost,Female,25-29,178
2016,Penama,north pentecost,Female,30-34,173
2016,Penama,north pentecost,Female,35-39,178
2016,Penama,north pentecost,Female,40-44,117
2016,Penama,north pentecost,Female,45-49,116
2016,Penama,north pentecost,Female,50-54,104
2016,Penama,north pentecost,Female,55-59,83
2016,Penama,north pentecost,Female,60-64,61
2016,Penama,north pentecost,Female,65-69,34
2016,Penama,north pentecost,Female,70 +,133
2016,Penama,south ambae,Male,0-4,137
2016,Penama,south ambae,Male,5-9,118
2016,Penama,south ambae,Male,10-14,103
2016,Penama,south ambae,Male,15-19,40
2016,Penama,south ambae,Male,20-24,56
2016,Penama,south ambae,Male,25-29,51
2016,Penama,south ambae,Male,30-34,47
2016,Penama,south ambae,Male,35-39,46
2016,Penama,south ambae,Male,40-44,23
2016,Penama,south ambae,Male,45-49,29
2016,Penama,south ambae,Male,50-54,28
2016,Penama,south ambae,Male,55-59,16
2016,Penama,south ambae,Male,60-64,15
2016,Penama,south ambae,Male,65-69,10
2016,Penama,south ambae,Male,70 +,22
2016,Penama,south ambae,Female,0-4,121
2016,Penama,south ambae,Female,5-9,122
2016,Penama,south ambae,Female,10-14,87
2016,Penama,south ambae,Female,15-19,32
2016,Penama,south ambae,Female,20-24,63
2016,Penama,south ambae,Female,25-29,66
2016,Penama,south ambae,Female,30-34,44
2016,Penama,south ambae,Female,35-39,35
2016,Penama,south ambae,Female,40-44,32
2016,Penama,south ambae,Female,45-49,31
2016,Penama,south ambae,Female,50-54,19
2016,Penama,south ambae,Female,55-59,15
2016,Penama,south ambae,Female,60-64,15
2016,Penama,south ambae,Female,65-69,7
2016,Penama,south ambae,Female,70 +,13
2016,Penama,south maewo,Male,0-4,113
2016,Penama,south maewo,Male,5-9,106
2016,Penama,south maewo,Male,10-14,64
2016,Penama,south maewo,Male,15-19,46
2016,Penama,south maewo,Male,20-24,54
2016,Penama,south maewo,Male,25-29,44
2016,Penama,south maewo,Male,30-34,43
2016,Penama,south maewo,Male,35-39,32
2016,Penama,south maewo,Male,40-44,28
2016,Penama,south maewo,Male,45-49,32
2016,Penama,south maewo,Male,50-54,23
2016,Penama,south maewo,Male,55-59,15
2016,Penama,south maewo,Male,60-64,16
2016,Penama,south maewo,Male,65-69,7
2016,Penama,south maewo,Male,70 +,23
2016,Penama,south maewo,Female,0-4,106
2016,Penama,south maewo,Female,5-9,93
2016,Penama,south maewo,Female,10-14,58
2016,Penama,south maewo,Female,15-19,49
2016,Penama,south maewo,Female,20-24,64
2016,Penama,south maewo,Female,25-29,55
2016,Penama,south maewo,Female,30-34,37
2016,Penama,south maewo,Female,35-39,41
2016,Penama,south maewo,Female,40-44,31
2016,Penama,south maewo,Female,45-49,26
2016,Penama,south maewo,Female,50-54,20
2016,Penama,south maewo,Female,55-59,9
2016,Penama,south maewo,Female,60-64,9
2016,Penama,south maewo,Female,65-69,10
2016,Penama,south maewo,Female,70 +,13
2016,Penama,south pentecost,Male,0-4,382
2016,Penama,south pentecost,Male,5-9,392
2016,Penama,south pentecost,Male,10-14,286
2016,Penama,south pentecost,Male,15-19,151
2016,Penama,south pentecost,Male,20-24,174
2016,Penama,south pentecost,Male,25-29,188
2016,Penama,south pentecost,Male,30-34,153
2016,Penama,south pentecost,Male,35-39,146
2016,Penama,south pentecost,Male,40-44,95
2016,Penama,south pentecost,Male,45-49,84
2016,Penama,south pentecost,Male,50-54,65
2016,Penama,south pentecost,Male,55-59,60
2016,Penama,south pentecost,Male,60-64,32
2016,Penama,south pentecost,Male,65-69,42
2016,Penama,south pentecost,Male,70 +,60
2016,Penama,south pentecost,Female,0-4,417
2016,Penama,south pentecost,Female,5-9,357
2016,Penama,south pentecost,Female,10-14,262
2016,Penama,south pentecost,Female,15-19,178
2016,Penama,south pentecost,Female,20-24,205
2016,Penama,south pentecost,Female,25-29,210
2016,Penama,south pentecost,Female,30-34,171
2016,Penama,south pentecost,Female,35-39,112
2016,Penama,south pentecost,Female,40-44,94
2016,Penama,south pentecost,Female,45-49,106
2016,Penama,south pentecost,Female,50-54,68
2016,Penama,south pentecost,Female,55-59,60
2016,Penama,south pentecost,Female,60-64,40
2016,Penama,south pentecost,Female,65-69,44
2016,Penama,south pentecost,Female,70 +,71
2016,Penama,west ambae,Male,0-4,272
2016,Penama,west ambae,Male,5-9,286
2016,Penama,west ambae,Male,10-14,242
2016,Penama,west ambae,Male,15-19,150
2016,Penama,west ambae,Male,20-24,131
2016,Penama,west ambae,Male,25-29,114
2016,Penama,west ambae,Male,30-34,100
2016,Penama,west ambae,Male,35-39,114
2016,Penama,west ambae,Male,40-44,89
2016,Penama,west ambae,Male,45-49,75
2016,Penama,west ambae,Male,50-54,98
2016,Penama,west ambae,Male,55-59,55
2016,Penama,west ambae,Male,60-64,58
2016,Penama,west ambae,Male,65-69,36
2016,Penama,west ambae,Male,70 +,89
2016,Penama,west ambae,Female,0-4,249
2016,Penama,west ambae,Female,5-9,264
2016,Penama,west ambae,Female,10-14,221
2016,Penama,west ambae,Female,15-19,108
2016,Penama,west ambae,Female,20-24,145
2016,Penama,west ambae,Female,25-29,134
2016,Penama,west ambae,Female,30-34,116
2016,Penama,west ambae,Female,35-39,101
2016,Penama,west ambae,Female,40-44,85
2016,Penama,west ambae,Female,45-49,80
2016,Penama,west ambae,Female,50-54,80
2016,Penama,west ambae,Female,55-59,58
2016,Penama,west ambae,Female,60-64,61
2016,Penama,west ambae,Female,65-69,41
2016,Penama,west ambae,Female,70 +,83
2016,Sanma,canal - fanafo,Male,0-4,414
2016,Sanma,canal - fanafo,Male,5-9,329
2016,Sanma,canal - fanafo,Male,10-14,284
2016,Sanma,canal - fanafo,Male,15-19,215
2016,Sanma,canal - fanafo,Male,20-24,222
2016,Sanma,canal - fanafo,Male,25-29,197
2016,Sanma,canal - fanafo,Male,30-34,181
2016,Sanma,canal - fanafo,Male,35-39,138
2016,Sanma,canal - fanafo,Male,40-44,142
2016,Sanma,canal - fanafo,Male,45-49,96
2016,Sanma,canal - fanafo,Male,50-54,77
2016,Sanma,canal - fanafo,Male,55-59,49
2016,Sanma,canal - fanafo,Male,60-64,59
2016,Sanma,canal - fanafo,Male,65-69,37
2016,Sanma,canal - fanafo,Male,70 +,64
2016,Sanma,canal - fanafo,Female,0-4,335
2016,Sanma,canal - fanafo,Female,5-9,329
2016,Sanma,canal - fanafo,Female,10-14,244
2016,Sanma,canal - fanafo,Female,15-19,211
2016,Sanma,canal - fanafo,Female,20-24,209
2016,Sanma,canal - fanafo,Female,25-29,201
2016,Sanma,canal - fanafo,Female,30-34,148
2016,Sanma,canal - fanafo,Female,35-39,125
2016,Sanma,canal - fanafo,Female,40-44,107
2016,Sanma,canal - fanafo,Female,45-49,70
2016,Sanma,canal - fanafo,Female,50-54,64
2016,Sanma,canal - fanafo,Female,55-59,39
2016,Sanma,canal - fanafo,Female,60-64,58
2016,Sanma,canal - fanafo,Female,65-69,23
2016,Sanma,canal - fanafo,Female,70 +,44
2016,Sanma,east malo,Male,0-4,161
2016,Sanma,east malo,Male,5-9,140
2016,Sanma,east malo,Male,10-14,117
2016,Sanma,east malo,Male,15-19,69
2016,Sanma,east malo,Male,20-24,78
2016,Sanma,east malo,Male,25-29,70
2016,Sanma,east malo,Male,30-34,54
2016,Sanma,east malo,Male,35-39,60
2016,Sanma,east malo,Male,40-44,45
2016,Sanma,east malo,Male,45-49,50
2016,Sanma,east malo,Male,50-54,38
2016,Sanma,east malo,Male,55-59,32
2016,Sanma,east malo,Male,60-64,26
2016,Sanma,east malo,Male,65-69,21
2016,Sanma,east malo,Male,70 +,36
2016,Sanma,east malo,Female,0-4,142
2016,Sanma,east malo,Female,5-9,148
2016,Sanma,east malo,Female,10-14,81
2016,Sanma,east malo,Female,15-19,59
2016,Sanma,east malo,Female,20-24,84
2016,Sanma,east malo,Female,25-29,83
2016,Sanma,east malo,Female,30-34,55
2016,Sanma,east malo,Female,35-39,63
2016,Sanma,east malo,Female,40-44,42
2016,Sanma,east malo,Female,45-49,42
2016,Sanma,east malo,Female,50-54,46
2016,Sanma,east malo,Female,55-59,18
2016,Sanma,east malo,Female,60-64,18
2016,Sanma,east malo,Female,65-69,13
2016,Sanma,east malo,Female,70 +,26
2016,Sanma,east santo,Male,0-4,333
2016,Sanma,east santo,Male,5-9,344
2016,Sanma,east santo,Male,10-14,220
2016,Sanma,east santo,Male,15-19,221
2016,Sanma,east santo,Male,20-24,172
2016,Sanma,east santo,Male,25-29,168
2016,Sanma,east santo,Male,30-34,154
2016,Sanma,east santo,Male,35-39,122
2016,Sanma,east santo,Male,40-44,117
2016,Sanma,east santo,Male,45-49,113
2016,Sanma,east santo,Male,50-54,87
2016,Sanma,east santo,Male,55-59,63
2016,Sanma,east santo,Male,60-64,39
2016,Sanma,east santo,Male,65-69,34
2016,Sanma,east santo,Male,70 +,84
2016,Sanma,east santo,Female,0-4,341
2016,Sanma,east santo,Female,5-9,292
2016,Sanma,east santo,Female,10-14,206
2016,Sanma,east santo,Female,15-19,176
2016,Sanma,east santo,Female,20-24,201
2016,Sanma,east santo,Female,25-29,191
2016,Sanma,east santo,Female,30-34,166
2016,Sanma,east santo,Female,35-39,139
2016,Sanma,east santo,Female,40-44,106
2016,Sanma,east santo,Female,45-49,93
2016,Sanma,east santo,Female,50-54,96
2016,Sanma,east santo,Female,55-59,56
2016,Sanma,east santo,Female,60-64,46
2016,Sanma,east santo,Female,65-69,29
2016,Sanma,east santo,Female,70 +,54
2016,Sanma,luganville,Male,0-4,1137
2016,Sanma,luganville,Male,5-9,976
2016,Sanma,luganville,Male,10-14,818
2016,Sanma,luganville,Male,15-19,951
2016,Sanma,luganville,Male,20-24,754
2016,Sanma,luganville,Male,25-29,621
2016,Sanma,luganville,Male,30-34,561
2016,Sanma,luganville,Male,35-39,494
2016,Sanma,luganville,Male,40-44,381
2016,Sanma,luganville,Male,45-49,370
2016,Sanma,luganville,Male,50-54,307
2016,Sanma,luganville,Male,55-59,215
2016,Sanma,luganville,Male,60-64,163
2016,Sanma,luganville,Male,65-69,104
2016,Sanma,luganville,Male,70 +,163
2016,Sanma,luganville,Female,0-4,1022
2016,Sanma,luganville,Female,5-9,925
2016,Sanma,luganville,Female,10-14,793
2016,Sanma,luganville,Female,15-19,866
2016,Sanma,luganville,Female,20-24,904
2016,Sanma,luganville,Female,25-29,694
2016,Sanma,luganville,Female,30-34,540
2016,Sanma,luganville,Female,35-39,485
2016,Sanma,luganville,Female,40-44,409
2016,Sanma,luganville,Female,45-49,361
2016,Sanma,luganville,Female,50-54,288
2016,Sanma,luganville,Female,55-59,196
2016,Sanma,luganville,Female,60-64,149
2016,Sanma,luganville,Female,65-69,87
2016,Sanma,luganville,Female,70 +,131
2016,Sanma,north santo,Male,0-4,418
2016,Sanma,north santo,Male,5-9,397
2016,Sanma,north santo,Male,10-14,256
2016,Sanma,north santo,Male,15-19,185
2016,Sanma,north santo,Male,20-24,216
2016,Sanma,north santo,Male,25-29,188
2016,Sanma,north santo,Male,30-34,180
2016,Sanma,north santo,Male,35-39,126
2016,Sanma,north santo,Male,40-44,105
2016,Sanma,north santo,Male,45-49,74
2016,Sanma,north santo,Male,50-54,49
2016,Sanma,north santo,Male,55-59,52
2016,Sanma,north santo,Male,60-64,37
2016,Sanma,north santo,Male,65-69,31
2016,Sanma,north santo,Male,70 +,87
2016,Sanma,north santo,Female,0-4,371
2016,Sanma,north santo,Female,5-9,325
2016,Sanma,north santo,Female,10-14,256
2016,Sanma,north santo,Female,15-19,168
2016,Sanma,north santo,Female,20-24,251
2016,Sanma,north santo,Female,25-29,208
2016,Sanma,north santo,Female,30-34,143
2016,Sanma,north santo,Female,35-39,121
2016,Sanma,north santo,Female,40-44,84
2016,Sanma,north santo,Female,45-49,69
2016,Sanma,north santo,Female,50-54,36
2016,Sanma,north santo,Female,55-59,50
2016,Sanma,north santo,Female,60-64,38
2016,Sanma,north santo,Female,65-69,24
2016,Sanma,north santo,Female,70 +,70
2016,Sanma,north west santo,Male,0-4,115
2016,Sanma,north west santo,Male,5-9,114
2016,Sanma,north west santo,Male,10-14,68
2016,Sanma,north west santo,Male,15-19,68
2016,Sanma,north west santo,Male,20-24,55
2016,Sanma,north west santo,Male,25-29,66
2016,Sanma,north west santo,Male,30-34,57
2016,Sanma,north west santo,Male,35-39,60
2016,Sanma,north west santo,Male,40-44,42
2016,Sanma,north west santo,Male,45-49,41
2016,Sanma,north west santo,Male,50-54,17
2016,Sanma,north west santo,Male,55-59,18
2016,Sanma,north west santo,Male,60-64,19
2016,Sanma,north west santo,Male,65-69,12
2016,Sanma,north west santo,Male,70 +,17
2016,Sanma,north west santo,Female,0-4,133
2016,Sanma,north west santo,Female,5-9,90
2016,Sanma,north west santo,Female,10-14,61
2016,Sanma,north west santo,Female,15-19,76
2016,Sanma,north west santo,Female,20-24,96
2016,Sanma,north west santo,Female,25-29,73
2016,Sanma,north west santo,Female,30-34,58
2016,Sanma,north west santo,Female,35-39,51
2016,Sanma,north west santo,Female,40-44,35
2016,Sanma,north west santo,Female,45-49,30
2016,Sanma,north west santo,Female,50-54,20
2016,Sanma,north west santo,Female,55-59,16
2016,Sanma,north west santo,Female,60-64,12
2016,Sanma,north west santo,Female,65-69,15
2016,Sanma,north west santo,Female,70 +,19
2016,Sanma,south east santo,Male,0-4,474
2016,Sanma,south east santo,Male,5-9,407
2016,Sanma,south east santo,Male,10-14,314
2016,Sanma,south east santo,Male,15-19,245
2016,Sanma,south east santo,Male,20-24,270
2016,Sanma,south east santo,Male,25-29,223
2016,Sanma,south east santo,Male,30-34,194
2016,Sanma,south east santo,Male,35-39,170
2016,Sanma,south east santo,Male,40-44,135
2016,Sanma,south east santo,Male,45-49,134
2016,Sanma,south east santo,Male,50-54,98
2016,Sanma,south east santo,Male,55-59,68
2016,Sanma,south east santo,Male,60-64,64
2016,Sanma,south east santo,Male,65-69,38
2016,Sanma,south east santo,Male,70 +,76
2016,Sanma,south east santo,Female,0-4,387
2016,Sanma,south east santo,Female,5-9,353
2016,Sanma,south east santo,Female,10-14,289
2016,Sanma,south east santo,Female,15-19,282
2016,Sanma,south east santo,Female,20-24,279
2016,Sanma,south east santo,Female,25-29,249
2016,Sanma,south east santo,Female,30-34,190
2016,Sanma,south east santo,Female,35-39,179
2016,Sanma,south east santo,Female,40-44,137
2016,Sanma,south east santo,Female,45-49,110
2016,Sanma,south east santo,Female,50-54,97
2016,Sanma,south east santo,Female,55-59,63
2016,Sanma,south east santo,Female,60-64,41
2016,Sanma,south east santo,Female,65-69,24
2016,Sanma,south east santo,Female,70 +,51
2016,Sanma,south santo,Male,0-4,761
2016,Sanma,south santo,Male,5-9,682
2016,Sanma,south santo,Male,10-14,458
2016,Sanma,south santo,Male,15-19,371
2016,Sanma,south santo,Male,20-24,337
2016,Sanma,south santo,Male,25-29,287
2016,Sanma,south santo,Male,30-34,246
2016,Sanma,south santo,Male,35-39,259
2016,Sanma,south santo,Male,40-44,183
2016,Sanma,south santo,Male,45-49,146
2016,Sanma,south santo,Male,50-54,104
2016,Sanma,south santo,Male,55-59,73
2016,Sanma,south santo,Male,60-64,73
2016,Sanma,south santo,Male,65-69,74
2016,Sanma,south santo,Male,70 +,127
2016,Sanma,south santo,Female,0-4,669
2016,Sanma,south santo,Female,5-9,603
2016,Sanma,south santo,Female,10-14,394
2016,Sanma,south santo,Female,15-19,325
2016,Sanma,south santo,Female,20-24,418
2016,Sanma,south santo,Female,25-29,328
2016,Sanma,south santo,Female,30-34,256
2016,Sanma,south santo,Female,35-39,241
2016,Sanma,south santo,Female,40-44,154
2016,Sanma,south santo,Female,45-49,143
2016,Sanma,south santo,Female,50-54,113
2016,Sanma,south santo,Female,55-59,92
2016,Sanma,south santo,Female,60-64,62
2016,Sanma,south santo,Female,65-69,58
2016,Sanma,south santo,Female,70 +,83
2016,Sanma,west malo,Male,0-4,193
2016,Sanma,west malo,Male,5-9,172
2016,Sanma,west malo,Male,10-14,130
2016,Sanma,west malo,Male,15-19,86
2016,Sanma,west malo,Male,20-24,92
2016,Sanma,west malo,Male,25-29,91
2016,Sanma,west malo,Male,30-34,67
2016,Sanma,west malo,Male,35-39,53
2016,Sanma,west malo,Male,40-44,55
2016,Sanma,west malo,Male,45-49,54
2016,Sanma,west malo,Male,50-54,48
2016,Sanma,west malo,Male,55-59,55
2016,Sanma,west malo,Male,60-64,27
2016,Sanma,west malo,Male,65-69,22
2016,Sanma,west malo,Male,70 +,48
2016,Sanma,west malo,Female,0-4,189
2016,Sanma,west malo,Female,5-9,134
2016,Sanma,west malo,Female,10-14,115
2016,Sanma,west malo,Female,15-19,86
2016,Sanma,west malo,Female,20-24,106
2016,Sanma,west malo,Female,25-29,97
2016,Sanma,west malo,Female,30-34,70
2016,Sanma,west malo,Female,35-39,62
2016,Sanma,west malo,Female,40-44,55
2016,Sanma,west malo,Female,45-49,43
2016,Sanma,west malo,Female,50-54,50
2016,Sanma,west malo,Female,55-59,43
2016,Sanma,west malo,Female,60-64,28
2016,Sanma,west malo,Female,65-69,20
2016,Sanma,west malo,Female,70 +,38
2016,Sanma,west santo,Male,0-4,253
2016,Sanma,west santo,Male,5-9,240
2016,Sanma,west santo,Male,10-14,168
2016,Sanma,west santo,Male,15-19,102
2016,Sanma,west santo,Male,20-24,88
2016,Sanma,west santo,Male,25-29,105
2016,Sanma,west santo,Male,30-34,113
2016,Sanma,west santo,Male,35-39,125
2016,Sanma,west santo,Male,40-44,63
2016,Sanma,west santo,Male,45-49,55
2016,Sanma,west santo,Male,50-54,35
2016,Sanma,west santo,Male,55-59,29
2016,Sanma,west santo,Male,60-64,27
2016,Sanma,west santo,Male,65-69,16
2016,Sanma,west santo,Male,70 +,54
2016,Sanma,west santo,Female,0-4,246
2016,Sanma,west santo,Female,5-9,249
2016,Sanma,west santo,Female,10-14,150
2016,Sanma,west santo,Female,15-19,107
2016,Sanma,west santo,Female,20-24,135
2016,Sanma,west santo,Female,25-29,129
2016,Sanma,west santo,Female,30-34,95
2016,Sanma,west santo,Female,35-39,113
2016,Sanma,west santo,Female,40-44,61
2016,Sanma,west santo,Female,45-49,43
2016,Sanma,west santo,Female,50-54,27
2016,Sanma,west santo,Female,55-59,35
2016,Sanma,west santo,Female,60-64,14
2016,Sanma,west santo,Female,65-69,24
2016,Sanma,west santo,Female,70 +,29
2016,Shefa,emau,Male,0-4,42
2016,Shefa,emau,Male,5-9,68
2016,Shefa,emau,Male,10-14,40
2016,Shefa,emau,Male,15-19,39
2016,Shefa,emau,Male,20-24,32
2016,Shefa,emau,Male,25-29,20
2016,Shefa,emau,Male,30-34,23
2016,Shefa,emau,Male,35-39,9
2016,Shefa,emau,Male,40-44,12
2016,Shefa,emau,Male,45-49,13
2016,Shefa,emau,Male,50-54,17
2016,Shefa,emau,Male,55-59,8
2016,Shefa,emau,Male,60-64,8
2016,Shefa,emau,Male,65-69,3
2016,Shefa,emau,Male,70 +,10
2016,Shefa,emau,Female,0-4,54
2016,Shefa,emau,Female,5-9,50
2016,Shefa,emau,Female,10-14,39
2016,Shefa,emau,Female,15-19,25
2016,Shefa,emau,Female,20-24,29
2016,Shefa,emau,Female,25-29,27
2016,Shefa,emau,Female,30-34,19
2016,Shefa,emau,Female,35-39,13
2016,Shefa,emau,Female,40-44,17
2016,Shefa,emau,Female,45-49,15
2016,Shefa,emau,Female,50-54,19
2016,Shefa,emau,Female,55-59,9
2016,Shefa,emau,Female,60-64,4
2016,Shefa,emau,Female,65-69,6
2016,Shefa,emau,Female,70 +,15
2016,Shefa,erakor,Male,0-4,672
2016,Shefa,erakor,Male,5-9,523
2016,Shefa,erakor,Male,10-14,449
2016,Shefa,erakor,Male,15-19,384
2016,Shefa,erakor,Male,20-24,444
2016,Shefa,erakor,Male,25-29,416
2016,Shefa,erakor,Male,30-34,327
2016,Shefa,erakor,Male,35-39,300
2016,Shefa,erakor,Male,40-44,247
2016,Shefa,erakor,Male,45-49,225
2016,Shefa,erakor,Male,50-54,173
2016,Shefa,erakor,Male,55-59,122
2016,Shefa,erakor,Male,60-64,77
2016,Shefa,erakor,Male,65-69,57
2016,Shefa,erakor,Male,70 +,75
2016,Shefa,erakor,Female,0-4,623
2016,Shefa,erakor,Female,5-9,497
2016,Shefa,erakor,Female,10-14,411
2016,Shefa,erakor,Female,15-19,424
2016,Shefa,erakor,Female,20-24,518
2016,Shefa,erakor,Female,25-29,473
2016,Shefa,erakor,Female,30-34,326
2016,Shefa,erakor,Female,35-39,267
2016,Shefa,erakor,Female,40-44,238
2016,Shefa,erakor,Female,45-49,195
2016,Shefa,erakor,Female,50-54,176
2016,Shefa,erakor,Female,55-59,89
2016,Shefa,erakor,Female,60-64,64
2016,Shefa,erakor,Female,65-69,54
2016,Shefa,erakor,Female,70 +,72
2016,Shefa,eratap,Male,0-4,508
2016,Shefa,eratap,Male,5-9,412
2016,Shefa,eratap,Male,10-14,330
2016,Shefa,eratap,Male,15-19,290
2016,Shefa,eratap,Male,20-24,385
2016,Shefa,eratap,Male,25-29,321
2016,Shefa,eratap,Male,30-34,238
2016,Shefa,eratap,Male,35-39,220
2016,Shefa,eratap,Male,40-44,190
2016,Shefa,eratap,Male,45-49,183
2016,Shefa,eratap,Male,50-54,109
2016,Shefa,eratap,Male,55-59,100
2016,Shefa,eratap,Male,60-64,67
2016,Shefa,eratap,Male,65-69,36
2016,Shefa,eratap,Male,70 +,67
2016,Shefa,eratap,Female,0-4,435
2016,Shefa,eratap,Female,5-9,388
2016,Shefa,eratap,Female,10-14,276
2016,Shefa,eratap,Female,15-19,289
2016,Shefa,eratap,Female,20-24,383
2016,Shefa,eratap,Female,25-29,357
2016,Shefa,eratap,Female,30-34,214
2016,Shefa,eratap,Female,35-39,226
2016,Shefa,eratap,Female,40-44,168
2016,Shefa,eratap,Female,45-49,145
2016,Shefa,eratap,Female,50-54,86
2016,Shefa,eratap,Female,55-59,74
2016,Shefa,eratap,Female,60-64,58
2016,Shefa,eratap,Female,65-69,40
2016,Shefa,eratap,Female,70 +,45
2016,Shefa,eton,Male,0-4,292
2016,Shefa,eton,Male,5-9,261
2016,Shefa,eton,Male,10-14,165
2016,Shefa,eton,Male,15-19,163
2016,Shefa,eton,Male,20-24,159
2016,Shefa,eton,Male,25-29,167
2016,Shefa,eton,Male,30-34,128
2016,Shefa,eton,Male,35-39,111
2016,Shefa,eton,Male,40-44,79
2016,Shefa,eton,Male,45-49,84
2016,Shefa,eton,Male,50-54,68
2016,Shefa,eton,Male,55-59,43
2016,Shefa,eton,Male,60-64,41
2016,Shefa,eton,Male,65-69,27
2016,Shefa,eton,Male,70 +,42
2016,Shefa,eton,Female,0-4,257
2016,Shefa,eton,Female,5-9,247
2016,Shefa,eton,Female,10-14,144
2016,Shefa,eton,Female,15-19,131
2016,Shefa,eton,Female,20-24,197
2016,Shefa,eton,Female,25-29,171
2016,Shefa,eton,Female,30-34,114
2016,Shefa,eton,Female,35-39,98
2016,Shefa,eton,Female,40-44,80
2016,Shefa,eton,Female,45-49,73
2016,Shefa,eton,Female,50-54,56
2016,Shefa,eton,Female,55-59,37
2016,Shefa,eton,Female,60-64,32
2016,Shefa,eton,Female,65-69,23
2016,Shefa,eton,Female,70 +,28
2016,Shefa,ifira,Male,0-4,71
2016,Shefa,ifira,Male,5-9,59
2016,Shefa,ifira,Male,10-14,58
2016,Shefa,ifira,Male,15-19,58
2016,Shefa,ifira,Male,20-24,89
2016,Shefa,ifira,Male,25-29,43
2016,Shefa,ifira,Male,30-34,42
2016,Shefa,ifira,Male,35-39,29
2016,Shefa,ifira,Male,40-44,33
2016,Shefa,ifira,Male,45-49,19
2016,Shefa,ifira,Male,50-54,19
2016,Shefa,ifira,Male,55-59,21
2016,Shefa,ifira,Male,60-64,14
2016,Shefa,ifira,Male,65-69,15
2016,Shefa,ifira,Male,70 +,12
2016,Shefa,ifira,Female,0-4,84
2016,Shefa,ifira,Female,5-9,59
2016,Shefa,ifira,Female,10-14,54
2016,Shefa,ifira,Female,15-19,53
2016,Shefa,ifira,Female,20-24,65
2016,Shefa,ifira,Female,25-29,61
2016,Shefa,ifira,Female,30-34,37
2016,Shefa,ifira,Female,35-39,30
2016,Shefa,ifira,Female,40-44,37
2016,Shefa,ifira,Female,45-49,30
2016,Shefa,ifira,Female,50-54,30
2016,Shefa,ifira,Female,55-59,15
2016,Shefa,ifira,Female,60-64,20
2016,Shefa,ifira,Female,65-69,17
2016,Shefa,ifira,Female,70 +,12
2016,Shefa,makimae,Male,0-4,68
2016,Shefa,makimae,Male,5-9,92
2016,Shefa,makimae,Male,10-14,79
2016,Shefa,makimae,Male,15-19,82
2016,Shefa,makimae,Male,20-24,38
2016,Shefa,makimae,Male,25-29,41
2016,Shefa,makimae,Male,30-34,26
2016,Shefa,makimae,Male,35-39,38
2016,Shefa,makimae,Male,40-44,19
2016,Shefa,makimae,Male,45-49,35
2016,Shefa,makimae,Male,50-54,24
2016,Shefa,makimae,Male,55-59,19
2016,Shefa,makimae,Male,60-64,9
2016,Shefa,makimae,Male,65-69,9
2016,Shefa,makimae,Male,70 +,26
2016,Shefa,makimae,Female,0-4,59
2016,Shefa,makimae,Female,5-9,73
2016,Shefa,makimae,Female,10-14,75
2016,Shefa,makimae,Female,15-19,37
2016,Shefa,makimae,Female,20-24,48
2016,Shefa,makimae,Female,25-29,40
2016,Shefa,makimae,Female,30-34,48
2016,Shefa,makimae,Female,35-39,36
2016,Shefa,makimae,Female,40-44,24
2016,Shefa,makimae,Female,45-49,34
2016,Shefa,makimae,Female,50-54,22
2016,Shefa,makimae,Female,55-59,20
2016,Shefa,makimae,Female,60-64,12
2016,Shefa,makimae,Female,65-69,11
2016,Shefa,makimae,Female,70 +,35
2016,Shefa,malorua,Male,0-4,196
2016,Shefa,malorua,Male,5-9,160
2016,Shefa,malorua,Male,10-14,147
2016,Shefa,malorua,Male,15-19,135
2016,Shefa,malorua,Male,20-24,115
2016,Shefa,malorua,Male,25-29,125
2016,Shefa,malorua,Male,30-34,80
2016,Shefa,malorua,Male,35-39,92
2016,Shefa,malorua,Male,40-44,81
2016,Shefa,malorua,Male,45-49,76
2016,Shefa,malorua,Male,50-54,52
2016,Shefa,malorua,Male,55-59,58
2016,Shefa,malorua,Male,60-64,27
2016,Shefa,malorua,Male,65-69,35
2016,Shefa,malorua,Male,70 +,46
2016,Shefa,malorua,Female,0-4,183
2016,Shefa,malorua,Female,5-9,150
2016,Shefa,malorua,Female,10-14,136
2016,Shefa,malorua,Female,15-19,112
2016,Shefa,malorua,Female,20-24,132
2016,Shefa,malorua,Female,25-29,120
2016,Shefa,malorua,Female,30-34,104
2016,Shefa,malorua,Female,35-39,99
2016,Shefa,malorua,Female,40-44,50
2016,Shefa,malorua,Female,45-49,62
2016,Shefa,malorua,Female,50-54,49
2016,Shefa,malorua,Female,55-59,48
2016,Shefa,malorua,Female,60-64,28
2016,Shefa,malorua,Female,65-69,22
2016,Shefa,malorua,Female,70 +,39
2016,Shefa,mele,Male,0-4,345
2016,Shefa,mele,Male,5-9,261
2016,Shefa,mele,Male,10-14,212
2016,Shefa,mele,Male,15-19,207
2016,Shefa,mele,Male,20-24,245
2016,Shefa,mele,Male,25-29,205
2016,Shefa,mele,Male,30-34,162
2016,Shefa,mele,Male,35-39,127
2016,Shefa,mele,Male,40-44,119
2016,Shefa,mele,Male,45-49,132
2016,Shefa,mele,Male,50-54,96
2016,Shefa,mele,Male,55-59,66
2016,Shefa,mele,Male,60-64,51
2016,Shefa,mele,Male,65-69,41
2016,Shefa,mele,Male,70 +,62
2016,Shefa,mele,Female,0-4,291
2016,Shefa,mele,Female,5-9,286
2016,Shefa,mele,Female,10-14,226
2016,Shefa,mele,Female,15-19,191
2016,Shefa,mele,Female,20-24,263
2016,Shefa,mele,Female,25-29,237
2016,Shefa,mele,Female,30-34,186
2016,Shefa,mele,Female,35-39,164
2016,Shefa,mele,Female,40-44,141
2016,Shefa,mele,Female,45-49,116
2016,Shefa,mele,Female,50-54,75
2016,Shefa,mele,Female,55-59,68
2016,Shefa,mele,Female,60-64,40
2016,Shefa,mele,Female,65-69,35
2016,Shefa,mele,Female,70 +,61
2016,Shefa,nguna,Male,0-4,109
2016,Shefa,nguna,Male,5-9,121
2016,Shefa,nguna,Male,10-14,99
2016,Shefa,nguna,Male,15-19,69
2016,Shefa,nguna,Male,20-24,62
2016,Shefa,nguna,Male,25-29,58
2016,Shefa,nguna,Male,30-34,55
2016,Shefa,nguna,Male,35-39,49
2016,Shefa,nguna,Male,40-44,46
2016,Shefa,nguna,Male,45-49,27
2016,Shefa,nguna,Male,50-54,44
2016,Shefa,nguna,Male,55-59,37
2016,Shefa,nguna,Male,60-64,25
2016,Shefa,nguna,Male,65-69,27
2016,Shefa,nguna,Male,70 +,36
2016,Shefa,nguna,Female,0-4,122
2016,Shefa,nguna,Female,5-9,95
2016,Shefa,nguna,Female,10-14,110
2016,Shefa,nguna,Female,15-19,55
2016,Shefa,nguna,Female,20-24,70
2016,Shefa,nguna,Female,25-29,59
2016,Shefa,nguna,Female,30-34,55
2016,Shefa,nguna,Female,35-39,56
2016,Shefa,nguna,Female,40-44,33
2016,Shefa,nguna,Female,45-49,41
2016,Shefa,nguna,Female,50-54,37
2016,Shefa,nguna,Female,55-59,32
2016,Shefa,nguna,Female,60-64,33
2016,Shefa,nguna,Female,65-69,29
2016,Shefa,nguna,Female,70 +,37
2016,Shefa,north efate,Male,0-4,176
2016,Shefa,north efate,Male,5-9,208
2016,Shefa,north efate,Male,10-14,168
2016,Shefa,north efate,Male,15-19,153
2016,Shefa,north efate,Male,20-24,124
2016,Shefa,north efate,Male,25-29,121
2016,Shefa,north efate,Male,30-34,84
2016,Shefa,north efate,Male,35-39,78
2016,Shefa,north efate,Male,40-44,83
2016,Shefa,north efate,Male,45-49,60
2016,Shefa,north efate,Male,50-54,60
2016,Shefa,north efate,Male,55-59,42
2016,Shefa,north efate,Male,60-64,40
2016,Shefa,north efate,Male,65-69,36
2016,Shefa,north efate,Male,70 +,50
2016,Shefa,north efate,Female,0-4,157
2016,Shefa,north efate,Female,5-9,211
2016,Shefa,north efate,Female,10-14,160
2016,Shefa,north efate,Female,15-19,121
2016,Shefa,north efate,Female,20-24,165
2016,Shefa,north efate,Female,25-29,124
2016,Shefa,north efate,Female,30-34,104
2016,Shefa,north efate,Female,35-39,91
2016,Shefa,north efate,Female,40-44,78
2016,Shefa,north efate,Female,45-49,78
2016,Shefa,north efate,Female,50-54,65
2016,Shefa,north efate,Female,55-59,39
2016,Shefa,north efate,Female,60-64,35
2016,Shefa,north efate,Female,65-69,24
2016,Shefa,north efate,Female,70 +,52
2016,Shefa,north tongoa,Male,0-4,114
2016,Shefa,north tongoa,Male,5-9,119
2016,Shefa,north tongoa,Male,10-14,116
2016,Shefa,north tongoa,Male,15-19,68
2016,Shefa,north tongoa,Male,20-24,43
2016,Shefa,north tongoa,Male,25-29,61
2016,Shefa,north tongoa,Male,30-34,43
2016,Shefa,north tongoa,Male,35-39,42
2016,Shefa,north tongoa,Male,40-44,31
2016,Shefa,north tongoa,Male,45-49,23
2016,Shefa,north tongoa,Male,50-54,18
2016,Shefa,north tongoa,Male,55-59,28
2016,Shefa,north tongoa,Male,60-64,29
2016,Shefa,north tongoa,Male,65-69,22
2016,Shefa,north tongoa,Male,70 +,25
2016,Shefa,north tongoa,Female,0-4,116
2016,Shefa,north tongoa,Female,5-9,112
2016,Shefa,north tongoa,Female,10-14,99
2016,Shefa,north tongoa,Female,15-19,55
2016,Shefa,north tongoa,Female,20-24,50
2016,Shefa,north tongoa,Female,25-29,71
2016,Shefa,north tongoa,Female,30-34,48
2016,Shefa,north tongoa,Female,35-39,40
2016,Shefa,north tongoa,Female,40-44,44
2016,Shefa,north tongoa,Female,45-49,26
2016,Shefa,north tongoa,Female,50-54,22
2016,Shefa,north tongoa,Female,55-59,36
2016,Shefa,north tongoa,Female,60-64,16
2016,Shefa,north tongoa,Female,65-69,19
2016,Shefa,north tongoa,Female,70 +,51
2016,Shefa,pango,Male,0-4,169
2016,Shefa,pango,Male,5-9,138
2016,Shefa,pango,Male,10-14,116
2016,Shefa,pango,Male,15-19,90
2016,Shefa,pango,Male,20-24,101
2016,Shefa,pango,Male,25-29,102
2016,Shefa,pango,Male,30-34,101
2016,Shefa,pango,Male,35-39,63
2016,Shefa,pango,Male,40-44,68
2016,Shefa,pango,Male,45-49,44
2016,Shefa,pango,Male,50-54,33
2016,Shefa,pango,Male,55-59,47
2016,Shefa,pango,Male,60-64,22
2016,Shefa,pango,Male,65-69,20
2016,Shefa,pango,Male,70 +,25
2016,Shefa,pango,Female,0-4,153
2016,Shefa,pango,Female,5-9,144
2016,Shefa,pango,Female,10-14,88
2016,Shefa,pango,Female,15-19,125
2016,Shefa,pango,Female,20-24,117
2016,Shefa,pango,Female,25-29,114
2016,Shefa,pango,Female,30-34,96
2016,Shefa,pango,Female,35-39,91
2016,Shefa,pango,Female,40-44,56
2016,Shefa,pango,Female,45-49,61
2016,Shefa,pango,Female,50-54,48
2016,Shefa,pango,Female,55-59,35
2016,Shefa,pango,Female,60-64,25
2016,Shefa,pango,Female,65-69,14
2016,Shefa,pango,Female,70 +,20
2016,Shefa,port vila,Male,0-4,3105
2016,Shefa,port vila,Male,5-9,2772
2016,Shefa,port vila,Male,10-14,2240
2016,Shefa,port vila,Male,15-19,2335
2016,Shefa,port vila,Male,20-24,3052
2016,Shefa,port vila,Male,25-29,2690
2016,Shefa,port vila,Male,30-34,2042
2016,Shefa,port vila,Male,35-39,1765
2016,Shefa,port vila,Male,40-44,1548
2016,Shefa,port vila,Male,45-49,1350
2016,Shefa,port vila,Male,50-54,1014
2016,Shefa,port vila,Male,55-59,818
2016,Shefa,port vila,Male,60-64,495
2016,Shefa,port vila,Male,65-69,300
2016,Shefa,port vila,Male,70 +,335
2016,Shefa,port vila,Female,0-4,2997
2016,Shefa,port vila,Female,5-9,2663
2016,Shefa,port vila,Female,10-14,2099
2016,Shefa,port vila,Female,15-19,2570
2016,Shefa,port vila,Female,20-24,3079
2016,Shefa,port vila,Female,25-29,2755
2016,Shefa,port vila,Female,30-34,2042
2016,Shefa,port vila,Female,35-39,1703
2016,Shefa,port vila,Female,40-44,1400
2016,Shefa,port vila,Female,45-49,1269
2016,Shefa,port vila,Female,50-54,933
2016,Shefa,port vila,Female,55-59,668
2016,Shefa,port vila,Female,60-64,385
2016,Shefa,port vila,Female,65-69,246
2016,Shefa,port vila,Female,70 +,274
2016,Shefa,south epi,Male,0-4,112
2016,Shefa,south epi,Male,5-9,113
2016,Shefa,south epi,Male,10-14,91
2016,Shefa,south epi,Male,15-19,75
2016,Shefa,south epi,Male,20-24,64
2016,Shefa,south epi,Male,25-29,62
2016,Shefa,south epi,Male,30-34,36
2016,Shefa,south epi,Male,35-39,27
2016,Shefa,south epi,Male,40-44,29
2016,Shefa,south epi,Male,45-49,25
2016,Shefa,south epi,Male,50-54,20
2016,Shefa,south epi,Male,55-59,17
2016,Shefa,south epi,Male,60-64,13
2016,Shefa,south epi,Male,65-69,18
2016,Shefa,south epi,Male,70 +,21
2016,Shefa,south epi,Female,0-4,111
2016,Shefa,south epi,Female,5-9,93
2016,Shefa,south epi,Female,10-14,65
2016,Shefa,south epi,Female,15-19,33
2016,Shefa,south epi,Female,20-24,62
2016,Shefa,south epi,Female,25-29,57
2016,Shefa,south epi,Female,30-34,46
2016,Shefa,south epi,Female,35-39,41
2016,Shefa,south epi,Female,40-44,26
2016,Shefa,south epi,Female,45-49,19
2016,Shefa,south epi,Female,50-54,24
2016,Shefa,south epi,Female,55-59,19
2016,Shefa,south epi,Female,60-64,13
2016,Shefa,south epi,Female,65-69,13
2016,Shefa,south epi,Female,70 +,17
2016,Shefa,tongariki,Male,0-4,72
2016,Shefa,tongariki,Male,5-9,77
2016,Shefa,tongariki,Male,10-14,59
2016,Shefa,tongariki,Male,15-19,43
2016,Shefa,tongariki,Male,20-24,34
2016,Shefa,tongariki,Male,25-29,32
2016,Shefa,tongariki,Male,30-34,28
2016,Shefa,tongariki,Male,35-39,17
2016,Shefa,tongariki,Male,40-44,20
2016,Shefa,tongariki,Male,45-49,15
2016,Shefa,tongariki,Male,50-54,28
2016,Shefa,tongariki,Male,55-59,15
2016,Shefa,tongariki,Male,60-64,21
2016,Shefa,tongariki,Male,65-69,12
2016,Shefa,tongariki,Male,70 +,30
2016,Shefa,tongariki,Female,0-4,48
2016,Shefa,tongariki,Female,5-9,54
2016,Shefa,tongariki,Female,10-14,51
2016,Shefa,tongariki,Female,15-19,31
2016,Shefa,tongariki,Female,20-24,35
2016,Shefa,tongariki,Female,25-29,35
2016,Shefa,tongariki,Female,30-34,24
2016,Shefa,tongariki,Female,35-39,28
2016,Shefa,tongariki,Female,40-44,27
2016,Shefa,tongariki,Female,45-49,25
2016,Shefa,tongariki,Female,50-54,20
2016,Shefa,tongariki,Female,55-59,12
2016,Shefa,tongariki,Female,60-64,19
2016,Shefa,tongariki,Female,65-69,16
2016,Shefa,tongariki,Female,70 +,31
2016,Shefa,varisu,Male,0-4,158
2016,Shefa,varisu,Male,5-9,108
2016,Shefa,varisu,Male,10-14,80
2016,Shefa,varisu,Male,15-19,47
2016,Shefa,varisu,Male,20-24,74
2016,Shefa,varisu,Male,25-29,66
2016,Shefa,varisu,Male,30-34,54
2016,Shefa,varisu,Male,35-39,42
2016,Shefa,varisu,Male,40-44,36
2016,Shefa,varisu,Male,45-49,48
2016,Shefa,varisu,Male,50-54,30
2016,Shefa,varisu,Male,55-59,19
2016,Shefa,varisu,Male,60-64,15
2016,Shefa,varisu,Male,65-69,15
2016,Shefa,varisu,Male,70 +,24
2016,Shefa,varisu,Female,0-4,142
2016,Shefa,varisu,Female,5-9,91
2016,Shefa,varisu,Female,10-14,73
2016,Shefa,varisu,Female,15-19,66
2016,Shefa,varisu,Female,20-24,92
2016,Shefa,varisu,Female,25-29,58
2016,Shefa,varisu,Female,30-34,44
2016,Shefa,varisu,Female,35-39,47
2016,Shefa,varisu,Female,40-44,42
2016,Shefa,varisu,Female,45-49,37
2016,Shefa,varisu,Female,50-54,34
2016,Shefa,varisu,Female,55-59,15
2016,Shefa,varisu,Female,60-64,20
2016,Shefa,varisu,Female,65-69,8
2016,Shefa,varisu,Female,70 +,33
2016,Shefa,vermali,Male,0-4,123
2016,Shefa,vermali,Male,5-9,124
2016,Shefa,vermali,Male,10-14,90
2016,Shefa,vermali,Male,15-19,89
2016,Shefa,vermali,Male,20-24,79
2016,Shefa,vermali,Male,25-29,68
2016,Shefa,vermali,Male,30-34,68
2016,Shefa,vermali,Male,35-39,38
2016,Shefa,vermali,Male,40-44,38
2016,Shefa,vermali,Male,45-49,42
2016,Shefa,vermali,Male,50-54,45
2016,Shefa,vermali,Male,55-59,20
2016,Shefa,vermali,Male,60-64,24
2016,Shefa,vermali,Male,65-69,20
2016,Shefa,vermali,Male,70 +,33
2016,Shefa,vermali,Female,0-4,137
2016,Shefa,vermali,Female,5-9,127
2016,Shefa,vermali,Female,10-14,104
2016,Shefa,vermali,Female,15-19,87
2016,Shefa,vermali,Female,20-24,101
2016,Shefa,vermali,Female,25-29,88
2016,Shefa,vermali,Female,30-34,53
2016,Shefa,vermali,Female,35-39,40
2016,Shefa,vermali,Female,40-44,44
2016,Shefa,vermali,Female,45-49,54
2016,Shefa,vermali,Female,50-54,35
2016,Shefa,vermali,Female,55-59,28
2016,Shefa,vermali,Female,60-64,16
2016,Shefa,vermali,Female,65-69,15
2016,Shefa,vermali,Female,70 +,40
2016,Shefa,vermaul,Male,0-4,125
2016,Shefa,vermaul,Male,5-9,118
2016,Shefa,vermaul,Male,10-14,64
2016,Shefa,vermaul,Male,15-19,45
2016,Shefa,vermaul,Male,20-24,74
2016,Shefa,vermaul,Male,25-29,55
2016,Shefa,vermaul,Male,30-34,35
2016,Shefa,vermaul,Male,35-39,50
2016,Shefa,vermaul,Male,40-44,40
2016,Shefa,vermaul,Male,45-49,23
2016,Shefa,vermaul,Male,50-54,26
2016,Shefa,vermaul,Male,55-59,21
2016,Shefa,vermaul,Male,60-64,16
2016,Shefa,vermaul,Male,65-69,9
2016,Shefa,vermaul,Male,70 +,11
2016,Shefa,vermaul,Female,0-4,116
2016,Shefa,vermaul,Female,5-9,97
2016,Shefa,vermaul,Female,10-14,81
2016,Shefa,vermaul,Female,15-19,61
2016,Shefa,vermaul,Female,20-24,81
2016,Shefa,vermaul,Female,25-29,38
2016,Shefa,vermaul,Female,30-34,47
2016,Shefa,vermaul,Female,35-39,47
2016,Shefa,vermaul,Female,40-44,32
2016,Shefa,vermaul,Female,45-49,34
2016,Shefa,vermaul,Female,50-54,20
2016,Shefa,vermaul,Female,55-59,18
2016,Shefa,vermaul,Female,60-64,18
2016,Shefa,vermaul,Female,65-69,10
2016,Shefa,vermaul,Female,70 +,16
2016,Tafea,aneityum,Male,0-4,122
2016,Tafea,aneityum,Male,5-9,104
2016,Tafea,aneityum,Male,10-14,85
2016,Tafea,aneityum,Male,15-19,57
2016,Tafea,aneityum,Male,20-24,62
2016,Tafea,aneityum,Male,25-29,66
2016,Tafea,aneityum,Male,30-34,53
2016,Tafea,aneityum,Male,35-39,33
2016,Tafea,aneityum,Male,40-44,30
2016,Tafea,aneityum,Male,45-49,39
2016,Tafea,aneityum,Male,50-54,28
2016,Tafea,aneityum,Male,55-59,15
2016,Tafea,aneityum,Male,60-64,13
2016,Tafea,aneityum,Male,65-69,8
2016,Tafea,aneityum,Male,70 +,14
2016,Tafea,aneityum,Female,0-4,122
2016,Tafea,aneityum,Female,5-9,102
2016,Tafea,aneityum,Female,10-14,66
2016,Tafea,aneityum,Female,15-19,39
2016,Tafea,aneityum,Female,20-24,76
2016,Tafea,aneityum,Female,25-29,62
2016,Tafea,aneityum,Female,30-34,38
2016,Tafea,aneityum,Female,35-39,37
2016,Tafea,aneityum,Female,40-44,35
2016,Tafea,aneityum,Female,45-49,25
2016,Tafea,aneityum,Female,50-54,23
2016,Tafea,aneityum,Female,55-59,10
2016,Tafea,aneityum,Female,60-64,12
2016,Tafea,aneityum,Female,65-69,12
2016,Tafea,aneityum,Female,70 +,14
2016,Tafea,aniwa,Male,0-4,31
2016,Tafea,aniwa,Male,5-9,33
2016,Tafea,aniwa,Male,10-14,30
2016,Tafea,aniwa,Male,15-19,10
2016,Tafea,aniwa,Male,20-24,12
2016,Tafea,aniwa,Male,25-29,13
2016,Tafea,aniwa,Male,30-34,10
2016,Tafea,aniwa,Male,35-39,8
2016,Tafea,aniwa,Male,40-44,11
2016,Tafea,aniwa,Male,45-49,7
2016,Tafea,aniwa,Male,50-54,11
2016,Tafea,aniwa,Male,55-59,4
2016,Tafea,aniwa,Male,60-64,4
2016,Tafea,aniwa,Male,65-69,4
2016,Tafea,aniwa,Male,70 +,12
2016,Tafea,aniwa,Female,0-4,35
2016,Tafea,aniwa,Female,5-9,28
2016,Tafea,aniwa,Female,10-14,28
2016,Tafea,aniwa,Female,15-19,10
2016,Tafea,aniwa,Female,20-24,16
2016,Tafea,aniwa,Female,25-29,18
2016,Tafea,aniwa,Female,30-34,11
2016,Tafea,aniwa,Female,35-39,12
2016,Tafea,aniwa,Female,40-44,9
2016,Tafea,aniwa,Female,45-49,16
2016,Tafea,aniwa,Female,50-54,8
2016,Tafea,aniwa,Female,55-59,6
2016,Tafea,aniwa,Female,60-64,8
2016,Tafea,aniwa,Female,65-69,7
2016,Tafea,aniwa,Female,70 +,8
2016,Tafea,futuna,Male,0-4,55
2016,Tafea,futuna,Male,5-9,63
2016,Tafea,futuna,Male,10-14,46
2016,Tafea,futuna,Male,15-19,35
2016,Tafea,futuna,Male,20-24,12
2016,Tafea,futuna,Male,25-29,18
2016,Tafea,futuna,Male,30-34,18
2016,Tafea,futuna,Male,35-39,12
2016,Tafea,futuna,Male,40-44,13
2016,Tafea,futuna,Male,45-49,8
2016,Tafea,futuna,Male,50-54,8
2016,Tafea,futuna,Male,55-59,4
2016,Tafea,futuna,Male,60-64,5
2016,Tafea,futuna,Male,65-69,3
2016,Tafea,futuna,Male,70 +,11
2016,Tafea,futuna,Female,0-4,34
2016,Tafea,futuna,Female,5-9,50
2016,Tafea,futuna,Female,10-14,47
2016,Tafea,futuna,Female,15-19,34
2016,Tafea,futuna,Female,20-24,14
2016,Tafea,futuna,Female,25-29,19
2016,Tafea,futuna,Female,30-34,29
2016,Tafea,futuna,Female,35-39,12
2016,Tafea,futuna,Female,40-44,10
2016,Tafea,futuna,Female,45-49,8
2016,Tafea,futuna,Female,50-54,8
2016,Tafea,futuna,Female,55-59,6
2016,Tafea,futuna,Female,60-64,4
2016,Tafea,futuna,Female,65-69,4
2016,Tafea,futuna,Female,70 +,23
2016,Tafea,middle bush tanna,Male,0-4,449
2016,Tafea,middle bush tanna,Male,5-9,517
2016,Tafea,middle bush tanna,Male,10-14,497
2016,Tafea,middle bush tanna,Male,15-19,264
2016,Tafea,middle bush tanna,Male,20-24,202
2016,Tafea,middle bush tanna,Male,25-29,220
2016,Tafea,middle bush tanna,Male,30-34,141
2016,Tafea,middle bush tanna,Male,35-39,156
2016,Tafea,middle bush tanna,Male,40-44,126
2016,Tafea,middle bush tanna,Male,45-49,97
2016,Tafea,middle bush tanna,Male,50-54,80
2016,Tafea,middle bush tanna,Male,55-59,64
2016,Tafea,middle bush tanna,Male,60-64,48
2016,Tafea,middle bush tanna,Male,65-69,49
2016,Tafea,middle bush tanna,Male,70 +,84
2016,Tafea,middle bush tanna,Female,0-4,451
2016,Tafea,middle bush tanna,Female,5-9,497
2016,Tafea,middle bush tanna,Female,10-14,424
2016,Tafea,middle bush tanna,Female,15-19,238
2016,Tafea,middle bush tanna,Female,20-24,252
2016,Tafea,middle bush tanna,Female,25-29,248
2016,Tafea,middle bush tanna,Female,30-34,164
2016,Tafea,middle bush tanna,Female,35-39,153
2016,Tafea,middle bush tanna,Female,40-44,119
2016,Tafea,middle bush tanna,Female,45-49,96
2016,Tafea,middle bush tanna,Female,50-54,79
2016,Tafea,middle bush tanna,Female,55-59,76
2016,Tafea,middle bush tanna,Female,60-64,49
2016,Tafea,middle bush tanna,Female,65-69,49
2016,Tafea,middle bush tanna,Female,70 +,105
2016,Tafea,north erromango,Male,0-4,125
2016,Tafea,north erromango,Male,5-9,123
2016,Tafea,north erromango,Male,10-14,107
2016,Tafea,north erromango,Male,15-19,78
2016,Tafea,north erromango,Male,20-24,55
2016,Tafea,north erromango,Male,25-29,41
2016,Tafea,north erromango,Male,30-34,33
2016,Tafea,north erromango,Male,35-39,38
2016,Tafea,north erromango,Male,40-44,27
2016,Tafea,north erromango,Male,45-49,34
2016,Tafea,north erromango,Male,50-54,25
2016,Tafea,north erromango,Male,55-59,17
2016,Tafea,north erromango,Male,60-64,17
2016,Tafea,north erromango,Male,65-69,7
2016,Tafea,north erromango,Male,70 +,20
2016,Tafea,north erromango,Female,0-4,105
2016,Tafea,north erromango,Female,5-9,123
2016,Tafea,north erromango,Female,10-14,106
2016,Tafea,north erromango,Female,15-19,73
2016,Tafea,north erromango,Female,20-24,50
2016,Tafea,north erromango,Female,25-29,50
2016,Tafea,north erromango,Female,30-34,31
2016,Tafea,north erromango,Female,35-39,51
2016,Tafea,north erromango,Female,40-44,31
2016,Tafea,north erromango,Female,45-49,25
2016,Tafea,north erromango,Female,50-54,26
2016,Tafea,north erromango,Female,55-59,13
2016,Tafea,north erromango,Female,60-64,8
2016,Tafea,north erromango,Female,65-69,8
2016,Tafea,north erromango,Female,70 +,19
2016,Tafea,north tanna,Male,0-4,379
2016,Tafea,north tanna,Male,5-9,376
2016,Tafea,north tanna,Male,10-14,309
2016,Tafea,north tanna,Male,15-19,157
2016,Tafea,north tanna,Male,20-24,113
2016,Tafea,north tanna,Male,25-29,107
2016,Tafea,north tanna,Male,30-34,90
2016,Tafea,north tanna,Male,35-39,116
2016,Tafea,north tanna,Male,40-44,93
2016,Tafea,north tanna,Male,45-49,73
2016,Tafea,north tanna,Male,50-54,49
2016,Tafea,north tanna,Male,55-59,48
2016,Tafea,north tanna,Male,60-64,42
2016,Tafea,north tanna,Male,65-69,33
2016,Tafea,north tanna,Male,70 +,51
2016,Tafea,north tanna,Female,0-4,348
2016,Tafea,north tanna,Female,5-9,353
2016,Tafea,north tanna,Female,10-14,294
2016,Tafea,north tanna,Female,15-19,177
2016,Tafea,north tanna,Female,20-24,182
2016,Tafea,north tanna,Female,25-29,164
2016,Tafea,north tanna,Female,30-34,110
2016,Tafea,north tanna,Female,35-39,112
2016,Tafea,north tanna,Female,40-44,88
2016,Tafea,north tanna,Female,45-49,82
2016,Tafea,north tanna,Female,50-54,67
2016,Tafea,north tanna,Female,55-59,36
2016,Tafea,north tanna,Female,60-64,42
2016,Tafea,north tanna,Female,65-69,33
2016,Tafea,north tanna,Female,70 +,41
2016,Tafea,south erromango,Male,0-4,52
2016,Tafea,south erromango,Male,5-9,48
2016,Tafea,south erromango,Male,10-14,39
2016,Tafea,south erromango,Male,15-19,15
2016,Tafea,south erromango,Male,20-24,22
2016,Tafea,south erromango,Male,25-29,18
2016,Tafea,south erromango,Male,30-34,18
2016,Tafea,south erromango,Male,35-39,18
2016,Tafea,south erromango,Male,40-44,11
2016,Tafea,south erromango,Male,45-49,14
2016,Tafea,south erromango,Male,50-54,9
2016,Tafea,south erromango,Male,55-59,6
2016,Tafea,south erromango,Male,60-64,5
2016,Tafea,south erromango,Male,65-69,10
2016,Tafea,south erromango,Male,70 +,14
2016,Tafea,south erromango,Female,0-4,61
2016,Tafea,south erromango,Female,5-9,57
2016,Tafea,south erromango,Female,10-14,41
2016,Tafea,south erromango,Female,15-19,14
2016,Tafea,south erromango,Female,20-24,21
2016,Tafea,south erromango,Female,25-29,27
2016,Tafea,south erromango,Female,30-34,19
2016,Tafea,south erromango,Female,35-39,19
2016,Tafea,south erromango,Female,40-44,6
2016,Tafea,south erromango,Female,45-49,10
2016,Tafea,south erromango,Female,50-54,7
2016,Tafea,south erromango,Female,55-59,9
2016,Tafea,south erromango,Female,60-64,5
2016,Tafea,south erromango,Female,65-69,4
2016,Tafea,south erromango,Female,70 +,19
2016,Tafea,south tanna,Male,0-4,126
2016,Tafea,south tanna,Male,5-9,110
2016,Tafea,south tanna,Male,10-14,81
2016,Tafea,south tanna,Male,15-19,38
2016,Tafea,south tanna,Male,20-24,31
2016,Tafea,south tanna,Male,25-29,41
2016,Tafea,south tanna,Male,30-34,36
2016,Tafea,south tanna,Male,35-39,26
2016,Tafea,south tanna,Male,40-44,24
2016,Tafea,south tanna,Male,45-49,22
2016,Tafea,south tanna,Male,50-54,17
2016,Tafea,south tanna,Male,55-59,28
2016,Tafea,south tanna,Male,60-64,13
2016,Tafea,south tanna,Male,65-69,12
2016,Tafea,south tanna,Male,70 +,20
2016,Tafea,south tanna,Female,0-4,106
2016,Tafea,south tanna,Female,5-9,91
2016,Tafea,south tanna,Female,10-14,55
2016,Tafea,south tanna,Female,15-19,50
2016,Tafea,south tanna,Female,20-24,58
2016,Tafea,south tanna,Female,25-29,52
2016,Tafea,south tanna,Female,30-34,35
2016,Tafea,south tanna,Female,35-39,37
2016,Tafea,south tanna,Female,40-44,25
2016,Tafea,south tanna,Female,45-49,18
2016,Tafea,south tanna,Female,50-54,25
2016,Tafea,south tanna,Female,55-59,30
2016,Tafea,south tanna,Female,60-64,15
2016,Tafea,south tanna,Female,65-69,9
2016,Tafea,south tanna,Female,70 +,19
2016,Tafea,south west tanna,Male,0-4,476
2016,Tafea,south west tanna,Male,5-9,499
2016,Tafea,south west tanna,Male,10-14,420
2016,Tafea,south west tanna,Male,15-19,293
2016,Tafea,south west tanna,Male,20-24,173
2016,Tafea,south west tanna,Male,25-29,196
2016,Tafea,south west tanna,Male,30-34,95
2016,Tafea,south west tanna,Male,35-39,159
2016,Tafea,south west tanna,Male,40-44,130
2016,Tafea,south west tanna,Male,45-49,76
2016,Tafea,south west tanna,Male,50-54,55
2016,Tafea,south west tanna,Male,55-59,63
2016,Tafea,south west tanna,Male,60-64,30
2016,Tafea,south west tanna,Male,65-69,40
2016,Tafea,south west tanna,Male,70 +,58
2016,Tafea,south west tanna,Female,0-4,478
2016,Tafea,south west tanna,Female,5-9,468
2016,Tafea,south west tanna,Female,10-14,372
2016,Tafea,south west tanna,Female,15-19,291
2016,Tafea,south west tanna,Female,20-24,203
2016,Tafea,south west tanna,Female,25-29,276
2016,Tafea,south west tanna,Female,30-34,121
2016,Tafea,south west tanna,Female,35-39,172
2016,Tafea,south west tanna,Female,40-44,113
2016,Tafea,south west tanna,Female,45-49,94
2016,Tafea,south west tanna,Female,50-54,56
2016,Tafea,south west tanna,Female,55-59,62
2016,Tafea,south west tanna,Female,60-64,32
2016,Tafea,south west tanna,Female,65-69,44
2016,Tafea,south west tanna,Female,70 +,48
2016,Tafea,west tanna,Male,0-4,698
2016,Tafea,west tanna,Male,5-9,748
2016,Tafea,west tanna,Male,10-14,572
2016,Tafea,west tanna,Male,15-19,354
2016,Tafea,west tanna,Male,20-24,255
2016,Tafea,west tanna,Male,25-29,315
2016,Tafea,west tanna,Male,30-34,224
2016,Tafea,west tanna,Male,35-39,237
2016,Tafea,west tanna,Male,40-44,184
2016,Tafea,west tanna,Male,45-49,161
2016,Tafea,west tanna,Male,50-54,120
2016,Tafea,west tanna,Male,55-59,124
2016,Tafea,west tanna,Male,60-64,87
2016,Tafea,west tanna,Male,65-69,56
2016,Tafea,west tanna,Male,70 +,109
2016,Tafea,west tanna,Female,0-4,629
2016,Tafea,west tanna,Female,5-9,647
2016,Tafea,west tanna,Female,10-14,510
2016,Tafea,west tanna,Female,15-19,357
2016,Tafea,west tanna,Female,20-24,399
2016,Tafea,west tanna,Female,25-29,381
2016,Tafea,west tanna,Female,30-34,300
2016,Tafea,west tanna,Female,35-39,236
2016,Tafea,west tanna,Female,40-44,209
2016,Tafea,west tanna,Female,45-49,161
2016,Tafea,west tanna,Female,50-54,129
2016,Tafea,west tanna,Female,55-59,94
2016,Tafea,west tanna,Female,60-64,69
2016,Tafea,west tanna,Female,65-69,68
2016,Tafea,west tanna,Female,70 +,112
2016,Tafea,whitesands,Male,0-4,502
2016,Tafea,whitesands,Male,5-9,591
2016,Tafea,whitesands,Male,10-14,504
2016,Tafea,whitesands,Male,15-19,301
2016,Tafea,whitesands,Male,20-24,225
2016,Tafea,whitesands,Male,25-29,266
2016,Tafea,whitesands,Male,30-34,178
2016,Tafea,whitesands,Male,35-39,145
2016,Tafea,whitesands,Male,40-44,102
2016,Tafea,whitesands,Male,45-49,113
2016,Tafea,whitesands,Male,50-54,91
2016,Tafea,whitesands,Male,55-59,107
2016,Tafea,whitesands,Male,60-64,73
2016,Tafea,whitesands,Male,65-69,51
2016,Tafea,whitesands,Male,70 +,108
2016,Tafea,whitesands,Female,0-4,471
2016,Tafea,whitesands,Female,5-9,535
2016,Tafea,whitesands,Female,10-14,419
2016,Tafea,whitesands,Female,15-19,311
2016,Tafea,whitesands,Female,20-24,295
2016,Tafea,whitesands,Female,25-29,303
2016,Tafea,whitesands,Female,30-34,198
2016,Tafea,whitesands,Female,35-39,171
2016,Tafea,whitesands,Female,40-44,127
2016,Tafea,whitesands,Female,45-49,127
2016,Tafea,whitesands,Female,50-54,84
2016,Tafea,whitesands,Female,55-59,95
2016,Tafea,whitesands,Female,60-64,68
2016,Tafea,whitesands,Female,65-69,78
2016,Tafea,whitesands,Female,70 +,94
2016,Torba,gaua,Male,0-4,194
2016,Torba,gaua,Male,5-9,203
2016,Torba,gaua,Male,10-14,158
2016,Torba,gaua,Male,15-19,119
2016,Torba,gaua,Male,20-24,123
2016,Torba,gaua,Male,25-29,113
2016,Torba,gaua,Male,30-34,92
2016,Torba,gaua,Male,35-39,71
2016,Torba,gaua,Male,40-44,51
2016,Torba,gaua,Male,45-49,53
2016,Torba,gaua,Male,50-54,43
2016,Torba,gaua,Male,55-59,24
2016,Torba,gaua,Male,60-64,21
2016,Torba,gaua,Male,65-69,12
2016,Torba,gaua,Male,70 +,29
2016,Torba,gaua,Female,0-4,207
2016,Torba,gaua,Female,5-9,185
2016,Torba,gaua,Female,10-14,143
2016,Torba,gaua,Female,15-19,121
2016,Torba,gaua,Female,20-24,129
2016,Torba,gaua,Female,25-29,90
2016,Torba,gaua,Female,30-34,74
2016,Torba,gaua,Female,35-39,66
2016,Torba,gaua,Female,40-44,63
2016,Torba,gaua,Female,45-49,40
2016,Torba,gaua,Female,50-54,31
2016,Torba,gaua,Female,55-59,20
2016,Torba,gaua,Female,60-64,21
2016,Torba,gaua,Female,65-69,14
2016,Torba,gaua,Female,70 +,23
2016,Torba,merelava,Male,0-4,41
2016,Torba,merelava,Male,5-9,56
2016,Torba,merelava,Male,10-14,45
2016,Torba,merelava,Male,15-19,11
2016,Torba,merelava,Male,20-24,21
2016,Torba,merelava,Male,25-29,18
2016,Torba,merelava,Male,30-34,12
2016,Torba,merelava,Male,35-39,13
2016,Torba,merelava,Male,40-44,10
2016,Torba,merelava,Male,45-49,8
2016,Torba,merelava,Male,50-54,4
2016,Torba,merelava,Male,55-59,5
2016,Torba,merelava,Male,60-64,8
2016,Torba,merelava,Male,65-69,7
2016,Torba,merelava,Male,70 +,20
2016,Torba,merelava,Female,0-4,35
2016,Torba,merelava,Female,5-9,48
2016,Torba,merelava,Female,10-14,41
2016,Torba,merelava,Female,15-19,16
2016,Torba,merelava,Female,20-24,29
2016,Torba,merelava,Female,25-29,16
2016,Torba,merelava,Female,30-34,26
2016,Torba,merelava,Female,35-39,14
2016,Torba,merelava,Female,40-44,22
2016,Torba,merelava,Female,45-49,12
2016,Torba,merelava,Female,50-54,10
2016,Torba,merelava,Female,55-59,5
2016,Torba,merelava,Female,60-64,11
2016,Torba,merelava,Female,65-69,11
2016,Torba,merelava,Female,70 +,13
2016,Torba,mota,Male,0-4,58
2016,Torba,mota,Male,5-9,58
2016,Torba,mota,Male,10-14,46
2016,Torba,mota,Male,15-19,21
2016,Torba,mota,Male,20-24,18
2016,Torba,mota,Male,25-29,29
2016,Torba,mota,Male,30-34,21
2016,Torba,mota,Male,35-39,26
2016,Torba,mota,Male,40-44,13
2016,Torba,mota,Male,45-49,16
2016,Torba,mota,Male,50-54,8
2016,Torba,mota,Male,55-59,11
2016,Torba,mota,Male,60-64,5
2016,Torba,mota,Male,65-69,6
2016,Torba,mota,Male,70 +,17
2016,Torba,mota,Female,0-4,51
2016,Torba,mota,Female,5-9,47
2016,Torba,mota,Female,10-14,34
2016,Torba,mota,Female,15-19,13
2016,Torba,mota,Female,20-24,30
2016,Torba,mota,Female,25-29,22
2016,Torba,mota,Female,30-34,26
2016,Torba,mota,Female,35-39,18
2016,Torba,mota,Female,40-44,10
2016,Torba,mota,Female,45-49,14
2016,Torba,mota,Female,50-54,13
2016,Torba,mota,Female,55-59,7
2016,Torba,mota,Female,60-64,10
2016,Torba,mota,Female,65-69,10
2016,Torba,mota,Female,70 +,15
2016,Torba,motalava,Male,0-4,115
2016,Torba,motalava,Male,5-9,77
2016,Torba,motalava,Male,10-14,79
2016,Torba,motalava,Male,15-19,89
2016,Torba,motalava,Male,20-24,46
2016,Torba,motalava,Male,25-29,42
2016,Torba,motalava,Male,30-34,45
2016,Torba,motalava,Male,35-39,38
2016,Torba,motalava,Male,40-44,29
2016,Torba,motalava,Male,45-49,45
2016,Torba,motalava,Male,50-54,28
2016,Torba,motalava,Male,55-59,21
2016,Torba,motalava,Male,60-64,28
2016,Torba,motalava,Male,65-69,15
2016,Torba,motalava,Male,70 +,29
2016,Torba,motalava,Female,0-4,114
2016,Torba,motalava,Female,5-9,131
2016,Torba,motalava,Female,10-14,89
2016,Torba,motalava,Female,15-19,70
2016,Torba,motalava,Female,20-24,74
2016,Torba,motalava,Female,25-29,65
2016,Torba,motalava,Female,30-34,58
2016,Torba,motalava,Female,35-39,38
2016,Torba,motalava,Female,40-44,38
2016,Torba,motalava,Female,45-49,39
2016,Torba,motalava,Female,50-54,28
2016,Torba,motalava,Female,55-59,30
2016,Torba,motalava,Female,60-64,21
2016,Torba,motalava,Female,65-69,22
2016,Torba,motalava,Female,70 +,31
2016,Torba,torres,Male,0-4,106
2016,Torba,torres,Male,5-9,82
2016,Torba,torres,Male,10-14,52
2016,Torba,torres,Male,15-19,26
2016,Torba,torres,Male,20-24,27
2016,Torba,torres,Male,25-29,37
2016,Torba,torres,Male,30-34,30
2016,Torba,torres,Male,35-39,27
2016,Torba,torres,Male,40-44,15
2016,Torba,torres,Male,45-49,23
2016,Torba,torres,Male,50-54,14
2016,Torba,torres,Male,55-59,11
2016,Torba,torres,Male,60-64,15
2016,Torba,torres,Male,65-69,10
2016,Torba,torres,Male,70 +,12
2016,Torba,torres,Female,0-4,90
2016,Torba,torres,Female,5-9,85
2016,Torba,torres,Female,10-14,56
2016,Torba,torres,Female,15-19,24
2016,Torba,torres,Female,20-24,45
2016,Torba,torres,Female,25-29,47
2016,Torba,torres,Female,30-34,24
2016,Torba,torres,Female,35-39,32
2016,Torba,torres,Female,40-44,18
2016,Torba,torres,Female,45-49,17
2016,Torba,torres,Female,50-54,16
2016,Torba,torres,Female,55-59,16
2016,Torba,torres,Female,60-64,7
2016,Torba,torres,Female,65-69,11
2016,Torba,torres,Female,70 +,6
2016,Torba,ureparapara,Male,0-4,36
2016,Torba,ureparapara,Male,5-9,36
2016,Torba,ureparapara,Male,10-14,36
2016,Torba,ureparapara,Male,15-19,17
2016,Torba,ureparapara,Male,20-24,15
2016,Torba,ureparapara,Male,25-29,15
2016,Torba,ureparapara,Male,30-34,18
2016,Torba,ureparapara,Male,35-39,19
2016,Torba,ureparapara,Male,40-44,10
2016,Torba,ureparapara,Male,45-49,15
2016,Torba,ureparapara,Male,50-54,6
2016,Torba,ureparapara,Male,55-59,4
2016,Torba,ureparapara,Male,60-64,6
2016,Torba,ureparapara,Male,65-69,2
2016,Torba,ureparapara,Male,70 +,2
2016,Torba,ureparapara,Female,0-4,27
2016,Torba,ureparapara,Female,5-9,33
2016,Torba,ureparapara,Female,10-14,23
2016,Torba,ureparapara,Female,15-19,15
2016,Torba,ureparapara,Female,20-24,19
2016,Torba,ureparapara,Female,25-29,16
2016,Torba,ureparapara,Female,30-34,13
2016,Torba,ureparapara,Female,35-39,17
2016,Torba,ureparapara,Female,40-44,9
2016,Torba,ureparapara,Female,45-49,17
2016,Torba,ureparapara,Female,50-54,7
2016,Torba,ureparapara,Female,55-59,5
2016,Torba,ureparapara,Female,60-64,7
2016,Torba,ureparapara,Female,65-69,5
2016,Torba,ureparapara,Female,70 +,4
2016,Torba,vanua lava,Male,0-4,236
2016,Torba,vanua lava,Male,5-9,225
2016,Torba,vanua lava,Male,10-14,202
2016,Torba,vanua lava,Male,15-19,166
2016,Torba,vanua lava,Male,20-24,112
2016,Torba,vanua lava,Male,25-29,142
2016,Torba,vanua lava,Male,30-34,94
2016,Torba,vanua lava,Male,35-39,69
2016,Torba,vanua lava,Male,40-44,91
2016,Torba,vanua lava,Male,45-49,72
2016,Torba,vanua lava,Male,50-54,66
2016,Torba,vanua lava,Male,55-59,46
2016,Torba,vanua lava,Male,60-64,21
2016,Torba,vanua lava,Male,65-69,17
2016,Torba,vanua lava,Male,70 +,36
2016,Torba,vanua lava,Female,0-4,224
2016,Torba,vanua lava,Female,5-9,189
2016,Torba,vanua lava,Female,10-14,186
2016,Torba,vanua lava,Female,15-19,160
2016,Torba,vanua lava,Female,20-24,128
2016,Torba,vanua lava,Female,25-29,124
2016,Torba,vanua lava,Female,30-34,116
2016,Torba,vanua lava,Female,35-39,66
2016,Torba,vanua lava,Female,40-44,71
2016,Torba,vanua lava,Female,45-49,52
2016,Torba,vanua lava,Female,50-54,56
2016,Torba,vanua lava,Female,55-59,33
2016,Torba,vanua lava,Female,60-64,21
2016,Torba,vanua lava,Female,65-69,20
2016,Torba,vanua lava,Female,70 +,31