Year,Province,Island,Class,Value
2018,,,,87531
2018,Malampa,,,13108
2018,Malampa,Ambrym,,2420
2018,Malampa,Ambrym,PreSchool,385
2018,Malampa,Ambrym,1,295
2018,Malampa,Ambrym,2,277
2018,Malampa,Ambrym,3,248
2018,Malampa,Ambrym,4,250
2018,Malampa,Ambrym,5,228
2018,Malampa,Ambrym,6,208
2018,Malampa,Ambrym,7,171
2018,Malampa,Ambrym,8,141
2018,Malampa,Ambrym,9,104
2018,Malampa,Ambrym,10,113
2018,Malampa,Atchin,,193
2018,Malampa,Atchin,PreSchool,41
2018,Malampa,Atchin,1,21
2018,Malampa,Atchin,2,28
2018,Malampa,Atchin,3,39
2018,Malampa,Atchin,4,31
2018,Malampa,Atchin,5,22
2018,Malampa,Atchin,6,11
2018,Malampa,Avock,,72
2018,Malampa,Avock,1,15
2018,Malampa,Avock,2,13
2018,Malampa,Avock,3,11
2018,Malampa,Avock,4,13
2018,Malampa,Avock,5,11
2018,Malampa,Avock,6,9
2018,Malampa,Malekula,,9261
2018,Malampa,Malekula,PreSchool,1650
2018,Malampa,Malekula,1,1181
2018,Malampa,Malekula,2,1147
2018,Malampa,Malekula,3,956
2018,Malampa,Malekula,4,874
2018,Malampa,Malekula,5,798
2018,Malampa,Malekula,6,719
2018,Malampa,Malekula,7,585
2018,Malampa,Malekula,8,423
2018,Malampa,Malekula,9,396
2018,Malampa,Malekula,10,295
2018,Malampa,Malekula,11,111
2018,Malampa,Malekula,12,96
2018,Malampa,Malekula,13,30
2018,Malampa,Maskelyns,,363
2018,Malampa,Maskelyns,PreSchool,63
2018,Malampa,Maskelyns,1,79
2018,Malampa,Maskelyns,2,27
2018,Malampa,Maskelyns,3,28
2018,Malampa,Maskelyns,4,24
2018,Malampa,Maskelyns,5,24
2018,Malampa,Maskelyns,6,32
2018,Malampa,Maskelyns,7,23
2018,Malampa,Maskelyns,8,19
2018,Malampa,Maskelyns,9,20
2018,Malampa,Maskelyns,10,24
2018,Malampa,Paama,,434
2018,Malampa,Paama,PreSchool,80
2018,Malampa,Paama,1,27
2018,Malampa,Paama,2,40
2018,Malampa,Paama,3,63
2018,Malampa,Paama,4,40
2018,Malampa,Paama,5,39
2018,Malampa,Paama,6,35
2018,Malampa,Paama,7,36
2018,Malampa,Paama,8,16
2018,Malampa,Paama,9,41
2018,Malampa,Paama,10,17
2018,Malampa,Uripiv,,96
2018,Malampa,Uripiv,1,20
2018,Malampa,Uripiv,2,18
2018,Malampa,Uripiv,3,13
2018,Malampa,Uripiv,4,16
2018,Malampa,Uripiv,5,20
2018,Malampa,Uripiv,6,9
2018,Malampa,Vao,,269
2018,Malampa,Vao,1,57
2018,Malampa,Vao,2,69
2018,Malampa,Vao,3,44
2018,Malampa,Vao,4,43
2018,Malampa,Vao,5,29
2018,Malampa,Vao,6,27
2018,Penama,,,10564
2018,Penama,Ambae,,3342
2018,Penama,Ambae,PreSchool,566
2018,Penama,Ambae,1,398
2018,Penama,Ambae,2,427
2018,Penama,Ambae,3,346
2018,Penama,Ambae,4,341
2018,Penama,Ambae,5,285
2018,Penama,Ambae,6,253
2018,Penama,Ambae,7,164
2018,Penama,Ambae,8,140
2018,Penama,Ambae,9,131
2018,Penama,Ambae,10,125
2018,Penama,Ambae,11,67
2018,Penama,Ambae,12,58
2018,Penama,Ambae,13,41
2018,Penama,Maewo,,1295
2018,Penama,Maewo,PreSchool,226
2018,Penama,Maewo,1,236
2018,Penama,Maewo,2,158
2018,Penama,Maewo,3,171
2018,Penama,Maewo,4,122
2018,Penama,Maewo,5,88
2018,Penama,Maewo,6,103
2018,Penama,Maewo,7,54
2018,Penama,Maewo,8,57
2018,Penama,Maewo,9,30
2018,Penama,Maewo,10,50
2018,Penama,Pentecost,,5927
2018,Penama,Pentecost,PreSchool,1019
2018,Penama,Pentecost,1,902
2018,Penama,Pentecost,2,704
2018,Penama,Pentecost,3,722
2018,Penama,Pentecost,4,569
2018,Penama,Pentecost,5,578
2018,Penama,Pentecost,6,436
2018,Penama,Pentecost,7,272
2018,Penama,Pentecost,8,201
2018,Penama,Pentecost,9,235
2018,Penama,Pentecost,10,170
2018,Penama,Pentecost,11,66
2018,Penama,Pentecost,12,38
2018,Penama,Pentecost,13,15
2018,Sanma,,,19140
2018,Sanma,Aore,,325
2018,Sanma,Aore,PreSchool,11
2018,Sanma,Aore,1,17
2018,Sanma,Aore,2,19
2018,Sanma,Aore,3,11
2018,Sanma,Aore,4,15
2018,Sanma,Aore,5,7
2018,Sanma,Aore,6,10
2018,Sanma,Aore,7,19
2018,Sanma,Aore,8,21
2018,Sanma,Aore,9,44
2018,Sanma,Aore,10,43
2018,Sanma,Aore,11,45
2018,Sanma,Aore,12,39
2018,Sanma,Aore,13,24
2018,Sanma,Araki,,44
2018,Sanma,Araki,1,18
2018,Sanma,Araki,2,4
2018,Sanma,Araki,3,4
2018,Sanma,Araki,4,8
2018,Sanma,Araki,6,10
2018,Sanma,Malo,,1379
2018,Sanma,Malo,PreSchool,364
2018,Sanma,Malo,1,177
2018,Sanma,Malo,2,173
2018,Sanma,Malo,3,137
2018,Sanma,Malo,4,124
2018,Sanma,Malo,5,100
2018,Sanma,Malo,6,87
2018,Sanma,Malo,7,62
2018,Sanma,Malo,8,70
2018,Sanma,Malo,9,28
2018,Sanma,Malo,10,57
2018,Sanma,Mavea,,38
2018,Sanma,Mavea,PreSchool,14
2018,Sanma,Mavea,1,4
2018,Sanma,Mavea,2,8
2018,Sanma,Mavea,3,2
2018,Sanma,Mavea,4,1
2018,Sanma,Mavea,5,5
2018,Sanma,Mavea,6,4
2018,Sanma,Santo,,17202
2018,Sanma,Santo,PreSchool,3247
2018,Sanma,Santo,1,2348
2018,Sanma,Santo,2,2028
2018,Sanma,Santo,3,1551
2018,Sanma,Santo,4,1520
2018,Sanma,Santo,5,1309
2018,Sanma,Santo,6,1166
2018,Sanma,Santo,7,992
2018,Sanma,Santo,8,763
2018,Sanma,Santo,9,672
2018,Sanma,Santo,10,587
2018,Sanma,Santo,11,492
2018,Sanma,Santo,12,340
2018,Sanma,Santo,13,167
2018,Sanma,Santo,14,20
2018,Sanma,Tutuba,,152
2018,Sanma,Tutuba,PreSchool,37
2018,Sanma,Tutuba,1,25
2018,Sanma,Tutuba,2,21
2018,Sanma,Tutuba,3,16
2018,Sanma,Tutuba,4,9
2018,Sanma,Tutuba,5,18
2018,Sanma,Tutuba,6,26
2018,Shefa,,,25903
2018,Shefa,Buninga,,27
2018,Shefa,Buninga,PreSchool,6
2018,Shefa,Buninga,1,4
2018,Shefa,Buninga,3,9
2018,Shefa,Buninga,5,5
2018,Shefa,Buninga,6,3
2018,Shefa,Efate,,21030
2018,Shefa,Efate,PreSchool,3684
2018,Shefa,Efate,1,2072
2018,Shefa,Efate,2,2017
2018,Shefa,Efate,3,1765
2018,Shefa,Efate,4,1675
2018,Shefa,Efate,5,1653
2018,Shefa,Efate,6,1557
2018,Shefa,Efate,7,1430
2018,Shefa,Efate,8,1305
2018,Shefa,Efate,9,1035
2018,Shefa,Efate,10,791
2018,Shefa,Efate,11,701
2018,Shefa,Efate,12,639
2018,Shefa,Efate,13,515
2018,Shefa,Efate,14,191
2018,Shefa,Emae,,217
2018,Shefa,Emae,PreSchool,30
2018,Shefa,Emae,1,14
2018,Shefa,Emae,2,31
2018,Shefa,Emae,3,26
2018,Shefa,Emae,4,26
2018,Shefa,Emae,5,31
2018,Shefa,Emae,6,14
2018,Shefa,Emae,8,17
2018,Shefa,Emae,9,9
2018,Shefa,Emae,10,19
2018,Shefa,Emao,,286
2018,Shefa,Emao,PreSchool,53
2018,Shefa,Emao,1,47
2018,Shefa,Emao,2,26
2018,Shefa,Emao,3,38
2018,Shefa,Emao,4,32
2018,Shefa,Emao,5,31
2018,Shefa,Emao,6,17
2018,Shefa,Emao,7,22
2018,Shefa,Emao,8,20
2018,Shefa,Epi,,2408
2018,Shefa,Epi,PreSchool,474
2018,Shefa,Epi,1,335
2018,Shefa,Epi,2,279
2018,Shefa,Epi,3,236
2018,Shefa,Epi,4,215
2018,Shefa,Epi,5,190
2018,Shefa,Epi,6,165
2018,Shefa,Epi,7,118
2018,Shefa,Epi,8,87
2018,Shefa,Epi,9,141
2018,Shefa,Epi,10,85
2018,Shefa,Epi,11,44
2018,Shefa,Epi,12,39
2018,Shefa,Ifira,,181
2018,Shefa,Ifira,PreSchool,34
2018,Shefa,Ifira,1,19
2018,Shefa,Ifira,2,37
2018,Shefa,Ifira,3,24
2018,Shefa,Ifira,4,22
2018,Shefa,Ifira,5,28
2018,Shefa,Ifira,6,17
2018,Shefa,Lamen,,39
2018,Shefa,Lamen,PreSchool,39
2018,Shefa,Lelepa,,104
2018,Shefa,Lelepa,PreSchool,29
2018,Shefa,Lelepa,1,11
2018,Shefa,Lelepa,2,22
2018,Shefa,Lelepa,3,8
2018,Shefa,Lelepa,4,11
2018,Shefa,Lelepa,5,12
2018,Shefa,Lelepa,6,11
2018,Shefa,Makira,,42
2018,Shefa,Makira,PreSchool,10
2018,Shefa,Makira,1,9
2018,Shefa,Makira,2,6
2018,Shefa,Makira,3,7
2018,Shefa,Makira,4,3
2018,Shefa,Makira,6,7
2018,Shefa,Matoso,,45
2018,Shefa,Matoso,PreSchool,10
2018,Shefa,Matoso,1,9
2018,Shefa,Matoso,2,8
2018,Shefa,Matoso,3,5
2018,Shefa,Matoso,4,4
2018,Shefa,Matoso,6,9
2018,Shefa,Moso,,109
2018,Shefa,Moso,PreSchool,7
2018,Shefa,Moso,1,20
2018,Shefa,Moso,2,13
2018,Shefa,Moso,3,26
2018,Shefa,Moso,4,16
2018,Shefa,Moso,5,13
2018,Shefa,Moso,6,14
2018,Shefa,Nguna,,459
2018,Shefa,Nguna,PreSchool,103
2018,Shefa,Nguna,1,60
2018,Shefa,Nguna,2,48
2018,Shefa,Nguna,3,44
2018,Shefa,Nguna,4,42
2018,Shefa,Nguna,5,45
2018,Shefa,Nguna,6,39
2018,Shefa,Nguna,7,35
2018,Shefa,Nguna,8,43
2018,Shefa,Pele,,99
2018,Shefa,Pele,1,17
2018,Shefa,Pele,2,17
2018,Shefa,Pele,3,19
2018,Shefa,Pele,4,16
2018,Shefa,Pele,5,16
2018,Shefa,Pele,6,14
2018,Shefa,Tongariki,,90
2018,Shefa,Tongariki,PreSchool,21
2018,Shefa,Tongariki,1,15
2018,Shefa,Tongariki,2,12
2018,Shefa,Tongariki,3,8
2018,Shefa,Tongariki,4,14
2018,Shefa,Tongariki,5,11
2018,Shefa,Tongariki,6,9
2018,Shefa,Tongoa,,767
2018,Shefa,Tongoa,PreSchool,145
2018,Shefa,Tongoa,1,105
2018,Shefa,Tongoa,2,107
2018,Shefa,Tongoa,3,69
2018,Shefa,Tongoa,4,83
2018,Shefa,Tongoa,5,64
2018,Shefa,Tongoa,6,81
2018,Shefa,Tongoa,7,21
2018,Shefa,Tongoa,8,53
2018,Shefa,Tongoa,9,18
2018,Shefa,Tongoa,10,21
2018,Tafea,,,15477
2018,Tafea,Aneityum,,464
2018,Tafea,Aneityum,PreSchool,56
2018,Tafea,Aneityum,1,61
2018,Tafea,Aneityum,2,65
2018,Tafea,Aneityum,3,52
2018,Tafea,Aneityum,4,43
2018,Tafea,Aneityum,5,50
2018,Tafea,Aneityum,6,33
2018,Tafea,Aneityum,7,34
2018,Tafea,Aneityum,8,31
2018,Tafea,Aneityum,9,26
2018,Tafea,Aneityum,10,13
2018,Tafea,Aniwa,,114
2018,Tafea,Aniwa,PreSchool,28
2018,Tafea,Aniwa,1,15
2018,Tafea,Aniwa,2,15
2018,Tafea,Aniwa,3,11
2018,Tafea,Aniwa,4,9
2018,Tafea,Aniwa,5,11
2018,Tafea,Aniwa,6,13
2018,Tafea,Aniwa,7,12
2018,Tafea,Erromango,,897
2018,Tafea,Erromango,PreSchool,137
2018,Tafea,Erromango,1,114
2018,Tafea,Erromango,2,116
2018,Tafea,Erromango,3,111
2018,Tafea,Erromango,4,102
2018,Tafea,Erromango,5,74
2018,Tafea,Erromango,6,49
2018,Tafea,Erromango,7,75
2018,Tafea,Erromango,8,47
2018,Tafea,Erromango,9,33
2018,Tafea,Erromango,10,39
2018,Tafea,Futuna,,284
2018,Tafea,Futuna,PreSchool,38
2018,Tafea,Futuna,1,31
2018,Tafea,Futuna,2,22
2018,Tafea,Futuna,3,25
2018,Tafea,Futuna,4,31
2018,Tafea,Futuna,5,19
2018,Tafea,Futuna,6,13
2018,Tafea,Futuna,7,20
2018,Tafea,Futuna,8,26
2018,Tafea,Futuna,9,29
2018,Tafea,Futuna,10,30
2018,Tafea,Tanna,,13718
2018,Tafea,Tanna,PreSchool,2434
2018,Tafea,Tanna,1,2008
2018,Tafea,Tanna,2,1930
2018,Tafea,Tanna,3,1556
2018,Tafea,Tanna,4,1352
2018,Tafea,Tanna,5,1104
2018,Tafea,Tanna,6,1032
2018,Tafea,Tanna,7,663
2018,Tafea,Tanna,8,615
2018,Tafea,Tanna,9,325
2018,Tafea,Tanna,10,359
2018,Tafea,Tanna,11,186
2018,Tafea,Tanna,12,130
2018,Tafea,Tanna,13,24
2018,Torba,,,3339
2018,Torba,Gaua,,744
2018,Torba,Gaua,PreSchool,232
2018,Torba,Gaua,1,37
2018,Torba,Gaua,2,63
2018,Torba,Gaua,3,87
2018,Torba,Gaua,4,99
2018,Torba,Gaua,5,75
2018,Torba,Gaua,6,75
2018,Torba,Gaua,7,15
2018,Torba,Gaua,8,26
2018,Torba,Gaua,9,17
2018,Torba,Gaua,10,18
2018,Torba,Hiu,,97
2018,Torba,Hiu,PreSchool,29
2018,Torba,Hiu,1,11
2018,Torba,Hiu,2,5
2018,Torba,Hiu,3,20
2018,Torba,Hiu,4,11
2018,Torba,Hiu,5,12
2018,Torba,Hiu,6,9
2018,Torba,Loh,,94
2018,Torba,Loh,PreSchool,16
2018,Torba,Loh,1,10
2018,Torba,Loh,2,17
2018,Torba,Loh,3,14
2018,Torba,Loh,4,2
2018,Torba,Loh,6,8
2018,Torba,Loh,7,15
2018,Torba,Loh,8,12
2018,Torba,Mere Lava,,218
2018,Torba,Mere Lava,PreSchool,45
2018,Torba,Mere Lava,1,33
2018,Torba,Mere Lava,2,28
2018,Torba,Mere Lava,3,39
2018,Torba,Mere Lava,4,27
2018,Torba,Mere Lava,5,29
2018,Torba,Mere Lava,6,17
2018,Torba,Mota,,249
2018,Torba,Mota,PreSchool,60
2018,Torba,Mota,1,33
2018,Torba,Mota,2,33
2018,Torba,Mota,3,30
2018,Torba,Mota,4,38
2018,Torba,Mota,5,22
2018,Torba,Mota,6,33
2018,Torba,Mota Lava,,490
2018,Torba,Mota Lava,PreSchool,94
2018,Torba,Mota Lava,1,60
2018,Torba,Mota Lava,2,40
2018,Torba,Mota Lava,3,73
2018,Torba,Mota Lava,4,53
2018,Torba,Mota Lava,5,35
2018,Torba,Mota Lava,6,35
2018,Torba,Mota Lava,7,32
2018,Torba,Mota Lava,8,11
2018,Torba,Mota Lava,9,29
2018,Torba,Mota Lava,10,28
2018,Torba,Rah,,10
2018,Torba,Rah,PreSchool,10
2018,Torba,Tegua,,23
2018,Torba,Tegua,PreSchool,23
2018,Torba,Toga,,149
2018,Torba,Toga,PreSchool,41
2018,Torba,Toga,1,11
2018,Torba,Toga,2,24
2018,Torba,Toga,3,28
2018,Torba,Toga,4,23
2018,Torba,Toga,5,10
2018,Torba,Toga,6,12
2018,Torba,Ureparapara,,134
2018,Torba,Ureparapara,PreSchool,24
2018,Torba,Ureparapara,1,17
2018,Torba,Ureparapara,2,25
2018,Torba,Ureparapara,3,11
2018,Torba,Ureparapara,4,29
2018,Torba,Ureparapara,5,16
2018,Torba,Ureparapara,6,12
2018,Torba,Vanua Lava,,1131
2018,Torba,Vanua Lava,PreSchool,238
2018,Torba,Vanua Lava,1,91
2018,Torba,Vanua Lava,2,92
2018,Torba,Vanua Lava,3,127
2018,Torba,Vanua Lava,4,104
2018,Torba,Vanua Lava,5,87
2018,Torba,Vanua Lava,6,82
2018,Torba,Vanua Lava,7,119
2018,Torba,Vanua Lava,8,61
2018,Torba,Vanua Lava,9,51
2018,Torba,Vanua Lava,10,36
2018,Torba,Vanua Lava,11,22
2018,Torba,Vanua Lava,12,21
2019,,,,91256
2019,Malampa,,,13664
2019,Malampa,Ambrym,,2381
2019,Malampa,Ambrym,PreSchool,400
2019,Malampa,Ambrym,1,260
2019,Malampa,Ambrym,2,255
2019,Malampa,Ambrym,3,288
2019,Malampa,Ambrym,4,250
2019,Malampa,Ambrym,5,234
2019,Malampa,Ambrym,6,234
2019,Malampa,Ambrym,7,147
2019,Malampa,Ambrym,8,149
2019,Malampa,Ambrym,9,93
2019,Malampa,Ambrym,10,71
2019,Malampa,Atchin,,200
2019,Malampa,Atchin,PreSchool,42
2019,Malampa,Atchin,1,36
2019,Malampa,Atchin,2,29
2019,Malampa,Atchin,3,35
2019,Malampa,Atchin,4,21
2019,Malampa,Atchin,5,25
2019,Malampa,Atchin,6,12
2019,Malampa,Avock,,79
2019,Malampa,Avock,1,12
2019,Malampa,Avock,2,15
2019,Malampa,Avock,3,14
2019,Malampa,Avock,4,11
2019,Malampa,Avock,5,13
2019,Malampa,Avock,6,14
2019,Malampa,Malekula,,9749
2019,Malampa,Malekula,PreSchool,1803
2019,Malampa,Malekula,1,1022
2019,Malampa,Malekula,2,1101
2019,Malampa,Malekula,3,1150
2019,Malampa,Malekula,4,926
2019,Malampa,Malekula,5,846
2019,Malampa,Malekula,6,763
2019,Malampa,Malekula,7,679
2019,Malampa,Malekula,8,428
2019,Malampa,Malekula,9,444
2019,Malampa,Malekula,10,311
2019,Malampa,Malekula,11,127
2019,Malampa,Malekula,12,100
2019,Malampa,Malekula,13,49
2019,Malampa,Maskelyns,,380
2019,Malampa,Maskelyns,PreSchool,42
2019,Malampa,Maskelyns,1,38
2019,Malampa,Maskelyns,2,80
2019,Malampa,Maskelyns,3,28
2019,Malampa,Maskelyns,4,29
2019,Malampa,Maskelyns,5,27
2019,Malampa,Maskelyns,6,30
2019,Malampa,Maskelyns,7,37
2019,Malampa,Maskelyns,8,23
2019,Malampa,Maskelyns,9,18
2019,Malampa,Maskelyns,10,28
2019,Malampa,Paama,,485
2019,Malampa,Paama,PreSchool,78
2019,Malampa,Paama,1,39
2019,Malampa,Paama,2,28
2019,Malampa,Paama,3,44
2019,Malampa,Paama,4,60
2019,Malampa,Paama,5,42
2019,Malampa,Paama,6,45
2019,Malampa,Paama,7,43
2019,Malampa,Paama,8,38
2019,Malampa,Paama,9,33
2019,Malampa,Paama,10,35
2019,Malampa,Uripiv,,102
2019,Malampa,Uripiv,1,20
2019,Malampa,Uripiv,2,19
2019,Malampa,Uripiv,3,16
2019,Malampa,Uripiv,4,16
2019,Malampa,Uripiv,5,18
2019,Malampa,Uripiv,6,13
2019,Malampa,Vao,,288
2019,Malampa,Vao,1,58
2019,Malampa,Vao,2,47
2019,Malampa,Vao,3,70
2019,Malampa,Vao,4,43
2019,Malampa,Vao,5,41
2019,Malampa,Vao,6,29
2019,Penama,,,9450
2019,Penama,Ambae,,1967
2019,Penama,Ambae,PreSchool,339
2019,Penama,Ambae,1,227
2019,Penama,Ambae,2,181
2019,Penama,Ambae,3,210
2019,Penama,Ambae,4,160
2019,Penama,Ambae,5,164
2019,Penama,Ambae,6,129
2019,Penama,Ambae,7,102
2019,Penama,Ambae,8,95
2019,Penama,Ambae,9,82
2019,Penama,Ambae,10,106
2019,Penama,Ambae,11,58
2019,Penama,Ambae,12,55
2019,Penama,Ambae,13,59
2019,Penama,Maewo,,1320
2019,Penama,Maewo,PreSchool,266
2019,Penama,Maewo,1,186
2019,Penama,Maewo,2,191
2019,Penama,Maewo,3,161
2019,Penama,Maewo,4,127
2019,Penama,Maewo,5,119
2019,Penama,Maewo,6,82
2019,Penama,Maewo,7,63
2019,Penama,Maewo,8,44
2019,Penama,Maewo,9,42
2019,Penama,Maewo,10,39
2019,Penama,Pentecost,,6163
2019,Penama,Pentecost,PreSchool,1218
2019,Penama,Pentecost,1,839
2019,Penama,Pentecost,2,714
2019,Penama,Pentecost,3,729
2019,Penama,Pentecost,4,651
2019,Penama,Pentecost,5,531
2019,Penama,Pentecost,6,507
2019,Penama,Pentecost,7,244
2019,Penama,Pentecost,8,200
2019,Penama,Pentecost,9,204
2019,Penama,Pentecost,10,208
2019,Penama,Pentecost,11,71
2019,Penama,Pentecost,12,34
2019,Penama,Pentecost,13,13
2019,Sanma,,,20988
2019,Sanma,Aore,,307
2019,Sanma,Aore,PreSchool,9
2019,Sanma,Aore,1,11
2019,Sanma,Aore,2,16
2019,Sanma,Aore,3,15
2019,Sanma,Aore,4,11
2019,Sanma,Aore,5,16
2019,Sanma,Aore,6,7
2019,Sanma,Aore,7,20
2019,Sanma,Aore,8,26
2019,Sanma,Aore,9,49
2019,Sanma,Aore,10,30
2019,Sanma,Aore,11,50
2019,Sanma,Aore,12,27
2019,Sanma,Aore,13,20
2019,Sanma,Araki,,27
2019,Sanma,Araki,1,1
2019,Sanma,Araki,2,12
2019,Sanma,Araki,3,3
2019,Sanma,Araki,4,6
2019,Sanma,Araki,5,5
2019,Sanma,Malo,,1365
2019,Sanma,Malo,PreSchool,341
2019,Sanma,Malo,1,135
2019,Sanma,Malo,2,206
2019,Sanma,Malo,3,151
2019,Sanma,Malo,4,153
2019,Sanma,Malo,5,109
2019,Sanma,Malo,6,81
2019,Sanma,Malo,7,80
2019,Sanma,Malo,8,51
2019,Sanma,Malo,9,34
2019,Sanma,Malo,10,24
2019,Sanma,Mavea,,46
2019,Sanma,Mavea,PreSchool,11
2019,Sanma,Mavea,1,7
2019,Sanma,Mavea,2,6
2019,Sanma,Mavea,3,7
2019,Sanma,Mavea,4,2
2019,Sanma,Mavea,5,6
2019,Sanma,Mavea,6,7
2019,Sanma,Santo,,19076
2019,Sanma,Santo,PreSchool,3275
2019,Sanma,Santo,1,2010
2019,Sanma,Santo,2,2401
2019,Sanma,Santo,3,2157
2019,Sanma,Santo,4,1618
2019,Sanma,Santo,5,1480
2019,Sanma,Santo,6,1354
2019,Sanma,Santo,7,1109
2019,Sanma,Santo,8,939
2019,Sanma,Santo,9,775
2019,Sanma,Santo,10,622
2019,Sanma,Santo,11,583
2019,Sanma,Santo,12,436
2019,Sanma,Santo,13,266
2019,Sanma,Santo,14,51
2019,Sanma,Tutuba,,167
2019,Sanma,Tutuba,PreSchool,53
2019,Sanma,Tutuba,1,23
2019,Sanma,Tutuba,2,25
2019,Sanma,Tutuba,3,21
2019,Sanma,Tutuba,4,17
2019,Sanma,Tutuba,5,9
2019,Sanma,Tutuba,6,19
2019,Shefa,,,27675
2019,Shefa,Buninga,,31
2019,Shefa,Buninga,PreSchool,10
2019,Shefa,Buninga,2,5
2019,Shefa,Buninga,4,9
2019,Shefa,Buninga,5,7
2019,Shefa,Efate,,22646
2019,Shefa,Efate,PreSchool,3730
2019,Shefa,Efate,1,2217
2019,Shefa,Efate,2,2123
2019,Shefa,Efate,3,2154
2019,Shefa,Efate,4,1897
2019,Shefa,Efate,5,1722
2019,Shefa,Efate,6,1644
2019,Shefa,Efate,7,1529
2019,Shefa,Efate,8,1246
2019,Shefa,Efate,9,1163
2019,Shefa,Efate,10,994
2019,Shefa,Efate,11,871
2019,Shefa,Efate,12,642
2019,Shefa,Efate,13,565
2019,Shefa,Efate,14,149
2019,Shefa,Emae,,277
2019,Shefa,Emae,PreSchool,44
2019,Shefa,Emae,1,27
2019,Shefa,Emae,2,28
2019,Shefa,Emae,3,30
2019,Shefa,Emae,4,26
2019,Shefa,Emae,5,25
2019,Shefa,Emae,6,25
2019,Shefa,Emae,7,18
2019,Shefa,Emae,8,20
2019,Shefa,Emae,9,16
2019,Shefa,Emae,10,18
2019,Shefa,Emao,,306
2019,Shefa,Emao,PreSchool,69
2019,Shefa,Emao,1,42
2019,Shefa,Emao,2,34
2019,Shefa,Emao,3,35
2019,Shefa,Emao,4,35
2019,Shefa,Emao,5,30
2019,Shefa,Emao,6,27
2019,Shefa,Emao,7,15
2019,Shefa,Emao,8,19
2019,Shefa,Epi,,2504
2019,Shefa,Epi,PreSchool,436
2019,Shefa,Epi,1,295
2019,Shefa,Epi,2,327
2019,Shefa,Epi,3,283
2019,Shefa,Epi,4,233
2019,Shefa,Epi,5,200
2019,Shefa,Epi,6,187
2019,Shefa,Epi,7,122
2019,Shefa,Epi,8,110
2019,Shefa,Epi,9,117
2019,Shefa,Epi,10,110
2019,Shefa,Epi,11,42
2019,Shefa,Epi,12,42
2019,Shefa,Ifira,,181
2019,Shefa,Ifira,PreSchool,60
2019,Shefa,Ifira,1,16
2019,Shefa,Ifira,2,23
2019,Shefa,Ifira,3,28
2019,Shefa,Ifira,4,15
2019,Shefa,Ifira,5,17
2019,Shefa,Ifira,6,22
2019,Shefa,Lamen,,25
2019,Shefa,Lamen,PreSchool,25
2019,Shefa,Lelepa,,110
2019,Shefa,Lelepa,PreSchool,34
2019,Shefa,Lelepa,1,12
2019,Shefa,Lelepa,2,11
2019,Shefa,Lelepa,3,20
2019,Shefa,Lelepa,4,7
2019,Shefa,Lelepa,5,11
2019,Shefa,Lelepa,6,15
2019,Shefa,Makira,,37
2019,Shefa,Makira,PreSchool,9
2019,Shefa,Makira,1,6
2019,Shefa,Makira,2,4
2019,Shefa,Makira,3,6
2019,Shefa,Makira,4,6
2019,Shefa,Makira,5,3
2019,Shefa,Makira,6,3
2019,Shefa,Matoso,,37
2019,Shefa,Matoso,PreSchool,10
2019,Shefa,Matoso,2,9
2019,Shefa,Matoso,3,8
2019,Shefa,Matoso,4,5
2019,Shefa,Matoso,5,5
2019,Shefa,Moso,,93
2019,Shefa,Moso,1,17
2019,Shefa,Moso,2,11
2019,Shefa,Moso,3,15
2019,Shefa,Moso,4,22
2019,Shefa,Moso,5,14
2019,Shefa,Moso,6,14
2019,Shefa,Nguna,,470
2019,Shefa,Nguna,PreSchool,86
2019,Shefa,Nguna,1,58
2019,Shefa,Nguna,2,58
2019,Shefa,Nguna,3,49
2019,Shefa,Nguna,4,46
2019,Shefa,Nguna,5,40
2019,Shefa,Nguna,6,44
2019,Shefa,Nguna,7,53
2019,Shefa,Nguna,8,36
2019,Shefa,Pele,,99
2019,Shefa,Pele,1,19
2019,Shefa,Pele,2,17
2019,Shefa,Pele,3,22
2019,Shefa,Pele,4,10
2019,Shefa,Pele,5,16
2019,Shefa,Pele,6,15
2019,Shefa,Tongariki,,89
2019,Shefa,Tongariki,PreSchool,18
2019,Shefa,Tongariki,1,6
2019,Shefa,Tongariki,2,11
2019,Shefa,Tongariki,3,22
2019,Shefa,Tongariki,4,10
2019,Shefa,Tongariki,5,11
2019,Shefa,Tongariki,6,11
2019,Shefa,Tongoa,,770
2019,Shefa,Tongoa,PreSchool,146
2019,Shefa,Tongoa,1,82
2019,Shefa,Tongoa,2,86
2019,Shefa,Tongoa,3,106
2019,Shefa,Tongoa,4,68
2019,Shefa,Tongoa,5,69
2019,Shefa,Tongoa,6,66
2019,Shefa,Tongoa,7,60
2019,Shefa,Tongoa,8,32
2019,Shefa,Tongoa,9,36
2019,Shefa,Tongoa,10,19
2019,Tafea,,,16146
2019,Tafea,Aneityum,,533
2019,Tafea,Aneityum,PreSchool,99
2019,Tafea,Aneityum,1,40
2019,Tafea,Aneityum,2,62
2019,Tafea,Aneityum,3,66
2019,Tafea,Aneityum,4,60
2019,Tafea,Aneityum,5,38
2019,Tafea,Aneityum,6,55
2019,Tafea,Aneityum,7,34
2019,Tafea,Aneityum,8,26
2019,Tafea,Aneityum,9,38
2019,Tafea,Aneityum,10,15
2019,Tafea,Aniwa,,105
2019,Tafea,Aniwa,PreSchool,20
2019,Tafea,Aniwa,1,15
2019,Tafea,Aniwa,2,12
2019,Tafea,Aniwa,3,15
2019,Tafea,Aniwa,4,11
2019,Tafea,Aniwa,5,9
2019,Tafea,Aniwa,6,11
2019,Tafea,Aniwa,7,12
2019,Tafea,Erromango,,899
2019,Tafea,Erromango,PreSchool,151
2019,Tafea,Erromango,1,88
2019,Tafea,Erromango,2,106
2019,Tafea,Erromango,3,114
2019,Tafea,Erromango,4,99
2019,Tafea,Erromango,5,96
2019,Tafea,Erromango,6,71
2019,Tafea,Erromango,7,41
2019,Tafea,Erromango,8,48
2019,Tafea,Erromango,9,48
2019,Tafea,Erromango,10,37
2019,Tafea,Futuna,,283
2019,Tafea,Futuna,PreSchool,41
2019,Tafea,Futuna,1,20
2019,Tafea,Futuna,2,21
2019,Tafea,Futuna,3,22
2019,Tafea,Futuna,4,26
2019,Tafea,Futuna,5,31
2019,Tafea,Futuna,6,19
2019,Tafea,Futuna,7,21
2019,Tafea,Futuna,8,24
2019,Tafea,Futuna,9,32
2019,Tafea,Futuna,10,26
2019,Tafea,Tanna,,14326
2019,Tafea,Tanna,PreSchool,2357
2019,Tafea,Tanna,1,1924
2019,Tafea,Tanna,2,1889
2019,Tafea,Tanna,3,1882
2019,Tafea,Tanna,4,1442
2019,Tafea,Tanna,5,1236
2019,Tafea,Tanna,6,996
2019,Tafea,Tanna,7,769
2019,Tafea,Tanna,8,593
2019,Tafea,Tanna,9,500
2019,Tafea,Tanna,10,312
2019,Tafea,Tanna,11,211
2019,Tafea,Tanna,12,152
2019,Tafea,Tanna,13,63
2019,Torba,,,3333
2019,Torba,Gaua,,889
2019,Torba,Gaua,PreSchool,244
2019,Torba,Gaua,1,101
2019,Torba,Gaua,2,79
2019,Torba,Gaua,3,79
2019,Torba,Gaua,4,104
2019,Torba,Gaua,5,77
2019,Torba,Gaua,6,76
2019,Torba,Gaua,7,38
2019,Torba,Gaua,8,26
2019,Torba,Gaua,9,37
2019,Torba,Gaua,10,28
2019,Torba,Hiu,,102
2019,Torba,Hiu,PreSchool,27
2019,Torba,Hiu,1,8
2019,Torba,Hiu,2,16
2019,Torba,Hiu,3,12
2019,Torba,Hiu,4,19
2019,Torba,Hiu,5,11
2019,Torba,Hiu,6,9
2019,Torba,Loh,,111
2019,Torba,Loh,PreSchool,20
2019,Torba,Loh,1,13
2019,Torba,Loh,2,5
2019,Torba,Loh,3,6
2019,Torba,Loh,4,14
2019,Torba,Loh,5,13
2019,Torba,Loh,7,24
2019,Torba,Loh,8,16
2019,Torba,Mere Lava,,218
2019,Torba,Mere Lava,PreSchool,47
2019,Torba,Mere Lava,1,25
2019,Torba,Mere Lava,2,34
2019,Torba,Mere Lava,3,41
2019,Torba,Mere Lava,4,28
2019,Torba,Mere Lava,5,21
2019,Torba,Mere Lava,6,22
2019,Torba,Mota,,233
2019,Torba,Mota,PreSchool,61
2019,Torba,Mota,1,18
2019,Torba,Mota,2,32
2019,Torba,Mota,3,33
2019,Torba,Mota,4,29
2019,Torba,Mota,5,38
2019,Torba,Mota,6,22
2019,Torba,Mota Lava,,412
2019,Torba,Mota Lava,PreSchool,67
2019,Torba,Mota Lava,1,50
2019,Torba,Mota Lava,2,48
2019,Torba,Mota Lava,3,39
2019,Torba,Mota Lava,4,70
2019,Torba,Mota Lava,5,53
2019,Torba,Mota Lava,6,33
2019,Torba,Mota Lava,7,17
2019,Torba,Mota Lava,8,12
2019,Torba,Mota Lava,9,9
2019,Torba,Mota Lava,10,14
2019,Torba,Rah,,9
2019,Torba,Rah,PreSchool,9
2019,Torba,Tegua,,17
2019,Torba,Tegua,PreSchool,17
2019,Torba,Toga,,132
2019,Torba,Toga,PreSchool,19
2019,Torba,Toga,1,20
2019,Torba,Toga,2,11
2019,Torba,Toga,3,22
2019,Torba,Toga,4,25
2019,Torba,Toga,5,23
2019,Torba,Toga,6,12
2019,Torba,Ureparapara,,124
2019,Torba,Ureparapara,PreSchool,21
2019,Torba,Ureparapara,1,10
2019,Torba,Ureparapara,2,16
2019,Torba,Ureparapara,3,21
2019,Torba,Ureparapara,4,14
2019,Torba,Ureparapara,5,26
2019,Torba,Ureparapara,6,16
2019,Torba,Vanua Lava,,1086
2019,Torba,Vanua Lava,PreSchool,238
2019,Torba,Vanua Lava,1,110
2019,Torba,Vanua Lava,2,80
2019,Torba,Vanua Lava,3,90
2019,Torba,Vanua Lava,4,120
2019,Torba,Vanua Lava,5,94
2019,Torba,Vanua Lava,6,76
2019,Torba,Vanua Lava,7,73
2019,Torba,Vanua Lava,8,81
2019,Torba,Vanua Lava,9,44
2019,Torba,Vanua Lava,10,31
2019,Torba,Vanua Lava,11,17
2019,Torba,Vanua Lava,12,16
2019,Torba,Vanua Lava,13,16
2020,,,,95953
2020,Malampa,,,13923
2020,Malampa,Ambrym,,2493
2020,Malampa,Ambrym,PreSchool,484
2020,Malampa,Ambrym,1,300
2020,Malampa,Ambrym,2,229
2020,Malampa,Ambrym,3,255
2020,Malampa,Ambrym,4,270
2020,Malampa,Ambrym,5,245
2020,Malampa,Ambrym,6,225
2020,Malampa,Ambrym,7,172
2020,Malampa,Ambrym,8,129
2020,Malampa,Ambrym,9,103
2020,Malampa,Ambrym,10,81
2020,Malampa,Atchin,,203
2020,Malampa,Atchin,PreSchool,49
2020,Malampa,Atchin,1,25
2020,Malampa,Atchin,2,30
2020,Malampa,Atchin,3,31
2020,Malampa,Atchin,4,28
2020,Malampa,Atchin,5,26
2020,Malampa,Atchin,6,14
2020,Malampa,Avock,,74
2020,Malampa,Avock,1,11
2020,Malampa,Avock,2,12
2020,Malampa,Avock,3,14
2020,Malampa,Avock,4,14
2020,Malampa,Avock,5,11
2020,Malampa,Avock,6,12
2020,Malampa,Malekula,,9970
2020,Malampa,Malekula,PreSchool,1726
2020,Malampa,Malekula,1,1045
2020,Malampa,Malekula,2,951
2020,Malampa,Malekula,3,1087
2020,Malampa,Malekula,4,1122
2020,Malampa,Malekula,5,899
2020,Malampa,Malekula,6,783
2020,Malampa,Malekula,7,677
2020,Malampa,Malekula,8,570
2020,Malampa,Malekula,9,424
2020,Malampa,Malekula,10,357
2020,Malampa,Malekula,11,145
2020,Malampa,Malekula,12,125
2020,Malampa,Malekula,13,59
2020,Malampa,Maskelyns,,378
2020,Malampa,Maskelyns,PreSchool,33
2020,Malampa,Maskelyns,1,34
2020,Malampa,Maskelyns,2,38
2020,Malampa,Maskelyns,3,80
2020,Malampa,Maskelyns,4,28
2020,Malampa,Maskelyns,5,29
2020,Malampa,Maskelyns,6,26
2020,Malampa,Maskelyns,7,35
2020,Malampa,Maskelyns,8,37
2020,Malampa,Maskelyns,9,23
2020,Malampa,Maskelyns,10,15
2020,Malampa,Paama,,383
2020,Malampa,Paama,PreSchool,65
2020,Malampa,Paama,1,37
2020,Malampa,Paama,2,36
2020,Malampa,Paama,3,27
2020,Malampa,Paama,4,37
2020,Malampa,Paama,5,48
2020,Malampa,Paama,6,28
2020,Malampa,Paama,7,28
2020,Malampa,Paama,8,28
2020,Malampa,Paama,9,31
2020,Malampa,Paama,10,18
2020,Malampa,Uripiv,,107
2020,Malampa,Uripiv,1,27
2020,Malampa,Uripiv,2,20
2020,Malampa,Uripiv,3,11
2020,Malampa,Uripiv,4,17
2020,Malampa,Uripiv,5,18
2020,Malampa,Uripiv,6,14
2020,Malampa,Vao,,315
2020,Malampa,Vao,1,64
2020,Malampa,Vao,2,74
2020,Malampa,Vao,3,58
2020,Malampa,Vao,4,57
2020,Malampa,Vao,5,24
2020,Malampa,Vao,6,38
2020,Penama,,,10254
2020,Penama,Ambae,,2650
2020,Penama,Ambae,PreSchool,475
2020,Penama,Ambae,1,242
2020,Penama,Ambae,2,274
2020,Penama,Ambae,3,256
2020,Penama,Ambae,4,288
2020,Penama,Ambae,5,218
2020,Penama,Ambae,6,224
2020,Penama,Ambae,7,172
2020,Penama,Ambae,8,129
2020,Penama,Ambae,9,112
2020,Penama,Ambae,10,92
2020,Penama,Ambae,11,64
2020,Penama,Ambae,12,53
2020,Penama,Ambae,13,51
2020,Penama,Maewo,,1345
2020,Penama,Maewo,PreSchool,292
2020,Penama,Maewo,1,204
2020,Penama,Maewo,2,151
2020,Penama,Maewo,3,156
2020,Penama,Maewo,4,145
2020,Penama,Maewo,5,97
2020,Penama,Maewo,6,94
2020,Penama,Maewo,7,61
2020,Penama,Maewo,8,62
2020,Penama,Maewo,9,55
2020,Penama,Maewo,10,28
2020,Penama,Pentecost,,6259
2020,Penama,Pentecost,PreSchool,1180
2020,Penama,Pentecost,1,820
2020,Penama,Pentecost,2,686
2020,Penama,Pentecost,3,751
2020,Penama,Pentecost,4,650
2020,Penama,Pentecost,5,605
2020,Penama,Pentecost,6,485
2020,Penama,Pentecost,7,331
2020,Penama,Pentecost,8,225
2020,Penama,Pentecost,9,214
2020,Penama,Pentecost,10,182
2020,Penama,Pentecost,11,80
2020,Penama,Pentecost,12,34
2020,Penama,Pentecost,13,16
2020,Sanma,,,20953
2020,Sanma,Aore,,285
2020,Sanma,Aore,PreSchool,12
2020,Sanma,Aore,1,8
2020,Sanma,Aore,2,14
2020,Sanma,Aore,3,19
2020,Sanma,Aore,4,15
2020,Sanma,Aore,5,11
2020,Sanma,Aore,6,10
2020,Sanma,Aore,7,19
2020,Sanma,Aore,8,14
2020,Sanma,Aore,9,49
2020,Sanma,Aore,10,27
2020,Sanma,Aore,11,35
2020,Sanma,Aore,12,28
2020,Sanma,Aore,13,24
2020,Sanma,Araki,,33
2020,Sanma,Araki,1,6
2020,Sanma,Araki,2,1
2020,Sanma,Araki,3,12
2020,Sanma,Araki,4,3
2020,Sanma,Araki,5,6
2020,Sanma,Araki,6,5
2020,Sanma,Malo,,1374
2020,Sanma,Malo,PreSchool,311
2020,Sanma,Malo,1,172
2020,Sanma,Malo,2,161
2020,Sanma,Malo,3,191
2020,Sanma,Malo,4,145
2020,Sanma,Malo,5,140
2020,Sanma,Malo,6,80
2020,Sanma,Malo,7,71
2020,Sanma,Malo,8,73
2020,Sanma,Malo,9,30
2020,Sanma,Malo,,
2020,Sanma,Mavea,,43
2020,Sanma,Mavea,PreSchool,12
2020,Sanma,Mavea,1,8
2020,Sanma,Mavea,2,3
2020,Sanma,Mavea,3,4
2020,Sanma,Mavea,4,9
2020,Sanma,Mavea,5,6
2020,Sanma,Mavea,6,1
2020,Sanma,Santo,,19067
2020,Sanma,Santo,PreSchool,3182
2020,Sanma,Santo,1,1914
2020,Sanma,Santo,2,1911
2020,Sanma,Santo,3,2274
2020,Sanma,Santo,4,2011
2020,Sanma,Santo,5,1545
2020,Sanma,Santo,6,1436
2020,Sanma,Santo,7,1145
2020,Sanma,Santo,8,944
2020,Sanma,Santo,9,799
2020,Sanma,Santo,10,709
2020,Sanma,Santo,11,454
2020,Sanma,Santo,12,440
2020,Sanma,Santo,13,267
2020,Sanma,Santo,14,36
2020,Sanma,Tutuba,,151
2020,Sanma,Tutuba,PreSchool,54
2020,Sanma,Tutuba,1,21
2020,Sanma,Tutuba,2,18
2020,Sanma,Tutuba,3,21
2020,Sanma,Tutuba,4,18
2020,Sanma,Tutuba,5,12
2020,Sanma,Tutuba,6,7
2020,Shefa,,,30902
2020,Shefa,Buninga,,24
2020,Shefa,Buninga,1,4
2020,Shefa,Buninga,3,7
2020,Shefa,Buninga,5,7
2020,Shefa,Buninga,6,6
2020,Shefa,Efate,,25631
2020,Shefa,Efate,PreSchool,4016
2020,Shefa,Efate,1,2337
2020,Shefa,Efate,2,2374
2020,Shefa,Efate,3,2328
2020,Shefa,Efate,4,2189
2020,Shefa,Efate,5,1950
2020,Shefa,Efate,6,1765
2020,Shefa,Efate,7,1693
2020,Shefa,Efate,8,1500
2020,Shefa,Efate,9,1354
2020,Shefa,Efate,10,1208
2020,Shefa,Efate,11,1062
2020,Shefa,Efate,12,893
2020,Shefa,Efate,13,760
2020,Shefa,Efate,14,202
2020,Shefa,Emae,,295
2020,Shefa,Emae,PreSchool,28
2020,Shefa,Emae,1,45
2020,Shefa,Emae,2,28
2020,Shefa,Emae,3,34
2020,Shefa,Emae,4,32
2020,Shefa,Emae,5,27
2020,Shefa,Emae,6,26
2020,Shefa,Emae,7,28
2020,Shefa,Emae,8,16
2020,Shefa,Emae,9,18
2020,Shefa,Emae,10,13
2020,Shefa,Emao,,275
2020,Shefa,Emao,PreSchool,49
2020,Shefa,Emao,1,25
2020,Shefa,Emao,2,44
2020,Shefa,Emao,3,35
2020,Shefa,Emao,4,36
2020,Shefa,Emao,5,29
2020,Shefa,Emao,6,30
2020,Shefa,Emao,7,14
2020,Shefa,Emao,8,13
2020,Shefa,Epi,,2638
2020,Shefa,Epi,PreSchool,438
2020,Shefa,Epi,1,287
2020,Shefa,Epi,2,276
2020,Shefa,Epi,3,322
2020,Shefa,Epi,4,292
2020,Shefa,Epi,5,225
2020,Shefa,Epi,6,197
2020,Shefa,Epi,7,148
2020,Shefa,Epi,8,128
2020,Shefa,Epi,9,121
2020,Shefa,Epi,10,111
2020,Shefa,Epi,11,56
2020,Shefa,Epi,12,37
2020,Shefa,Ifira,,194
2020,Shefa,Ifira,PreSchool,48
2020,Shefa,Ifira,1,26
2020,Shefa,Ifira,2,27
2020,Shefa,Ifira,3,31
2020,Shefa,Ifira,4,30
2020,Shefa,Ifira,5,15
2020,Shefa,Ifira,7,17
2020,Shefa,Lamen,,27
2020,Shefa,Lamen,PreSchool,27
2020,Shefa,Lelepa,,108
2020,Shefa,Lelepa,PreSchool,31
2020,Shefa,Lelepa,1,16
2020,Shefa,Lelepa,2,13
2020,Shefa,Lelepa,3,12
2020,Shefa,Lelepa,4,18
2020,Shefa,Lelepa,5,8
2020,Shefa,Lelepa,6,10
2020,Shefa,Makira,,31
2020,Shefa,Makira,PreSchool,5
2020,Shefa,Makira,1,5
2020,Shefa,Makira,2,6
2020,Shefa,Makira,3,3
2020,Shefa,Makira,4,6
2020,Shefa,Makira,5,4
2020,Shefa,Makira,6,2
2020,Shefa,Matoso,,40
2020,Shefa,Matoso,PreSchool,10
2020,Shefa,Matoso,1,7
2020,Shefa,Matoso,3,15
2020,Shefa,Matoso,5,8
2020,Shefa,Moso,,101
2020,Shefa,Moso,1,29
2020,Shefa,Moso,2,10
2020,Shefa,Moso,3,10
2020,Shefa,Moso,4,19
2020,Shefa,Moso,5,18
2020,Shefa,Moso,6,15
2020,Shefa,Nguna,,529
2020,Shefa,Nguna,PreSchool,96
2020,Shefa,Nguna,1,52
2020,Shefa,Nguna,2,31
2020,Shefa,Nguna,3,79
2020,Shefa,Nguna,4,46
2020,Shefa,Nguna,5,44
2020,Shefa,Nguna,6,54
2020,Shefa,Nguna,7,49
2020,Shefa,Nguna,8,78
2020,Shefa,Pele,,97
2020,Shefa,Pele,1,13
2020,Shefa,Pele,2,20
2020,Shefa,Pele,3,16
2020,Shefa,Pele,4,22
2020,Shefa,Pele,5,10
2020,Shefa,Pele,6,16
2020,Shefa,Tongariki,,86
2020,Shefa,Tongariki,PreSchool,19
2020,Shefa,Tongariki,1,16
2020,Shefa,Tongariki,2,13
2020,Shefa,Tongariki,3,9
2020,Shefa,Tongariki,4,10
2020,Shefa,Tongariki,5,9
2020,Shefa,Tongariki,6,10
2020,Shefa,Tongoa,,826
2020,Shefa,Tongoa,PreSchool,127
2020,Shefa,Tongoa,1,110
2020,Shefa,Tongoa,2,89
2020,Shefa,Tongoa,3,93
2020,Shefa,Tongoa,4,114
2020,Shefa,Tongoa,5,65
2020,Shefa,Tongoa,6,77
2020,Shefa,Tongoa,7,48
2020,Shefa,Tongoa,8,56
2020,Shefa,Tongoa,9,27
2020,Shefa,Tongoa,10,20
2020,Tafea,,,16686
2020,Tafea,Aneityum,,521
2020,Tafea,Aneityum,PreSchool,98
2020,Tafea,Aneityum,1,46
2020,Tafea,Aneityum,2,42
2020,Tafea,Aneityum,3,70
2020,Tafea,Aneityum,4,58
2020,Tafea,Aneityum,5,56
2020,Tafea,Aneityum,6,39
2020,Tafea,Aneityum,7,34
2020,Tafea,Aneityum,8,31
2020,Tafea,Aneityum,9,25
2020,Tafea,Aneityum,10,22
2020,Tafea,Aniwa,,127
2020,Tafea,Aniwa,PreSchool,41
2020,Tafea,Aniwa,1,24
2020,Tafea,Aniwa,2,15
2020,Tafea,Aniwa,3,13
2020,Tafea,Aniwa,4,14
2020,Tafea,Aniwa,5,11
2020,Tafea,Aniwa,6,9
2020,Tafea,Erromango,,975
2020,Tafea,Erromango,PreSchool,167
2020,Tafea,Erromango,1,95
2020,Tafea,Erromango,2,92
2020,Tafea,Erromango,3,109
2020,Tafea,Erromango,4,115
2020,Tafea,Erromango,5,91
2020,Tafea,Erromango,6,93
2020,Tafea,Erromango,7,54
2020,Tafea,Erromango,8,52
2020,Tafea,Erromango,9,55
2020,Tafea,Erromango,10,52
2020,Tafea,Futuna,,302
2020,Tafea,Futuna,PreSchool,47
2020,Tafea,Futuna,1,18
2020,Tafea,Futuna,2,20
2020,Tafea,Futuna,3,25
2020,Tafea,Futuna,4,21
2020,Tafea,Futuna,5,26
2020,Tafea,Futuna,6,31
2020,Tafea,Futuna,7,27
2020,Tafea,Futuna,8,21
2020,Tafea,Futuna,9,34
2020,Tafea,Futuna,10,32
2020,Tafea,Tanna,,14761
2020,Tafea,Tanna,PreSchool,2361
2020,Tafea,Tanna,1,1746
2020,Tafea,Tanna,2,1754
2020,Tafea,Tanna,3,1802
2020,Tafea,Tanna,4,1779
2020,Tafea,Tanna,5,1277
2020,Tafea,Tanna,6,1121
2020,Tafea,Tanna,7,726
2020,Tafea,Tanna,8,756
2020,Tafea,Tanna,9,545
2020,Tafea,Tanna,10,428
2020,Tafea,Tanna,11,211
2020,Tafea,Tanna,12,137
2020,Tafea,Tanna,13,118
2020,Torba,,,3235
2020,Torba,Gaua,,772
2020,Torba,Gaua,PreSchool,165
2020,Torba,Gaua,1,68
2020,Torba,Gaua,2,91
2020,Torba,Gaua,3,74
2020,Torba,Gaua,4,74
2020,Torba,Gaua,5,91
2020,Torba,Gaua,6,73
2020,Torba,Gaua,7,37
2020,Torba,Gaua,8,37
2020,Torba,Gaua,9,24
2020,Torba,Gaua,10,38
2020,Torba,Hiu,,97
2020,Torba,Hiu,PreSchool,24
2020,Torba,Hiu,1,8
2020,Torba,Hiu,2,8
2020,Torba,Hiu,3,16
2020,Torba,Hiu,4,12
2020,Torba,Hiu,5,18
2020,Torba,Hiu,6,11
2020,Torba,Loh,,116
2020,Torba,Loh,PreSchool,23
2020,Torba,Loh,1,11
2020,Torba,Loh,2,10
2020,Torba,Loh,3,7
2020,Torba,Loh,4,3
2020,Torba,Loh,5,13
2020,Torba,Loh,6,13
2020,Torba,Loh,7,15
2020,Torba,Loh,8,21
2020,Torba,Mere Lava,,183
2020,Torba,Mere Lava,PreSchool,36
2020,Torba,Mere Lava,1,24
2020,Torba,Mere Lava,2,17
2020,Torba,Mere Lava,3,34
2020,Torba,Mere Lava,4,38
2020,Torba,Mere Lava,5,19
2020,Torba,Mere Lava,6,15
2020,Torba,Mota,,210
2020,Torba,Mota,PreSchool,39
2020,Torba,Mota,1,27
2020,Torba,Mota,2,16
2020,Torba,Mota,3,32
2020,Torba,Mota,4,31
2020,Torba,Mota,5,29
2020,Torba,Mota,6,36
2020,Torba,Mota Lava,,484
2020,Torba,Mota Lava,PreSchool,73
2020,Torba,Mota Lava,1,62
2020,Torba,Mota Lava,2,53
2020,Torba,Mota Lava,3,74
2020,Torba,Mota Lava,4,60
2020,Torba,Mota Lava,5,47
2020,Torba,Mota Lava,6,33
2020,Torba,Mota Lava,7,32
2020,Torba,Mota Lava,8,19
2020,Torba,Mota Lava,9,20
2020,Torba,Mota Lava,10,11
2020,Torba,Rah,,13
2020,Torba,Rah,PreSchool,13
2020,Torba,Tegua,,13
2020,Torba,Tegua,PreSchool,13
2020,Torba,Toga,,139
2020,Torba,Toga,PreSchool,22
2020,Torba,Toga,1,16
2020,Torba,Toga,2,20
2020,Torba,Toga,3,11
2020,Torba,Toga,4,22
2020,Torba,Toga,5,25
2020,Torba,Toga,6,23
2020,Torba,Ureparapara,,126
2020,Torba,Ureparapara,PreSchool,24
2020,Torba,Ureparapara,1,14
2020,Torba,Ureparapara,2,13
2020,Torba,Ureparapara,3,18
2020,Torba,Ureparapara,4,18
2020,Torba,Ureparapara,5,14
2020,Torba,Ureparapara,6,25
2020,Torba,Vanua Lava,,1082
2020,Torba,Vanua Lava,PreSchool,241
2020,Torba,Vanua Lava,1,83
2020,Torba,Vanua Lava,2,107
2020,Torba,Vanua Lava,3,72
2020,Torba,Vanua Lava,4,96
2020,Torba,Vanua Lava,5,117
2020,Torba,Vanua Lava,6,89
2020,Torba,Vanua Lava,7,91
2020,Torba,Vanua Lava,8,67
2020,Torba,Vanua Lava,9,49
2020,Torba,Vanua Lava,10,35
2020,Torba,Vanua Lava,11,21
2020,Torba,Vanua Lava,12,10
2020,Torba,Vanua Lava,13,4
2021,,,,98976
2021,Malampa,,,14062
2021,Malampa,Ambrym,,2403
2021,Malampa,Ambrym,PreSchool,398
2021,Malampa,Ambrym,1,258
2021,Malampa,Ambrym,2,269
2021,Malampa,Ambrym,3,247
2021,Malampa,Ambrym,4,254
2021,Malampa,Ambrym,5,261
2021,Malampa,Ambrym,6,230
2021,Malampa,Ambrym,7,165
2021,Malampa,Ambrym,8,147
2021,Malampa,Ambrym,9,94
2021,Malampa,Ambrym,10,80
2021,Malampa,Atchin,,212
2021,Malampa,Atchin,PreSchool,49
2021,Malampa,Atchin,1,30
2021,Malampa,Atchin,2,23
2021,Malampa,Atchin,3,30
2021,Malampa,Atchin,4,31
2021,Malampa,Atchin,5,21
2021,Malampa,Atchin,6,28
2021,Malampa,Avock,,62
2021,Malampa,Avock,2,12
2021,Malampa,Avock,3,11
2021,Malampa,Avock,4,14
2021,Malampa,Avock,5,14
2021,Malampa,Avock,6,11
2021,Malampa,Malekula,,10092
2021,Malampa,Malekula,PreSchool,1670
2021,Malampa,Malekula,1,1038
2021,Malampa,Malekula,2,954
2021,Malampa,Malekula,3,982
2021,Malampa,Malekula,4,1037
2021,Malampa,Malekula,5,1028
2021,Malampa,Malekula,6,807
2021,Malampa,Malekula,7,707
2021,Malampa,Malekula,8,600
2021,Malampa,Malekula,9,517
2021,Malampa,Malekula,10,402
2021,Malampa,Malekula,11,151
2021,Malampa,Malekula,12,133
2021,Malampa,Malekula,13,66
2021,Malampa,Maskelyns,,402
2021,Malampa,Maskelyns,PreSchool,39
2021,Malampa,Maskelyns,1,29
2021,Malampa,Maskelyns,2,34
2021,Malampa,Maskelyns,3,41
2021,Malampa,Maskelyns,4,81
2021,Malampa,Maskelyns,5,30
2021,Malampa,Maskelyns,6,31
2021,Malampa,Maskelyns,7,42
2021,Malampa,Maskelyns,8,19
2021,Malampa,Maskelyns,9,37
2021,Malampa,Maskelyns,10,19
2021,Malampa,Paama,,405
2021,Malampa,Paama,PreSchool,59
2021,Malampa,Paama,1,45
2021,Malampa,Paama,2,39
2021,Malampa,Paama,3,38
2021,Malampa,Paama,4,26
2021,Malampa,Paama,5,38
2021,Malampa,Paama,6,50
2021,Malampa,Paama,7,29
2021,Malampa,Paama,8,29
2021,Malampa,Paama,9,31
2021,Malampa,Paama,10,21
2021,Malampa,Tomman,,56
2021,Malampa,Tomman,1,7
2021,Malampa,Tomman,2,7
2021,Malampa,Tomman,3,13
2021,Malampa,Tomman,4,12
2021,Malampa,Tomman,5,8
2021,Malampa,Tomman,6,9
2021,Malampa,Uripiv,,107
2021,Malampa,Uripiv,1,20
2021,Malampa,Uripiv,2,27
2021,Malampa,Uripiv,3,17
2021,Malampa,Uripiv,4,11
2021,Malampa,Uripiv,5,15
2021,Malampa,Uripiv,6,17
2021,Malampa,Vao,,323
2021,Malampa,Vao,1,70
2021,Malampa,Vao,2,72
2021,Malampa,Vao,3,68
2021,Malampa,Vao,4,52
2021,Malampa,Vao,5,43
2021,Malampa,Vao,6,18
2021,Penama,,,11179
2021,Penama,Ambae,,3215
2021,Penama,Ambae,PreSchool,560
2021,Penama,Ambae,1,280
2021,Penama,Ambae,2,294
2021,Penama,Ambae,3,312
2021,Penama,Ambae,4,318
2021,Penama,Ambae,5,292
2021,Penama,Ambae,6,229
2021,Penama,Ambae,7,214
2021,Penama,Ambae,8,179
2021,Penama,Ambae,9,166
2021,Penama,Ambae,10,149
2021,Penama,Ambae,11,88
2021,Penama,Ambae,12,70
2021,Penama,Ambae,13,64
2021,Penama,Maewo,,1373
2021,Penama,Maewo,PreSchool,312
2021,Penama,Maewo,1,178
2021,Penama,Maewo,2,176
2021,Penama,Maewo,3,160
2021,Penama,Maewo,4,149
2021,Penama,Maewo,5,118
2021,Penama,Maewo,6,97
2021,Penama,Maewo,7,59
2021,Penama,Maewo,8,56
2021,Penama,Maewo,9,34
2021,Penama,Maewo,10,34
2021,Penama,Pentecost,,6591
2021,Penama,Pentecost,PreSchool,1142
2021,Penama,Pentecost,1,952
2021,Penama,Pentecost,2,693
2021,Penama,Pentecost,3,739
2021,Penama,Pentecost,4,712
2021,Penama,Pentecost,5,578
2021,Penama,Pentecost,6,539
2021,Penama,Pentecost,7,345
2021,Penama,Pentecost,8,292
2021,Penama,Pentecost,9,230
2021,Penama,Pentecost,10,227
2021,Penama,Pentecost,11,59
2021,Penama,Pentecost,12,64
2021,Penama,Pentecost,13,19
2021,Sanma,,,21662
2021,Sanma,Aore,,356
2021,Sanma,Aore,PreSchool,7
2021,Sanma,Aore,1,13
2021,Sanma,Aore,2,7
2021,Sanma,Aore,3,10
2021,Sanma,Aore,4,9
2021,Sanma,Aore,5,9
2021,Sanma,Aore,6,9
2021,Sanma,Aore,7,50
2021,Sanma,Aore,8,28
2021,Sanma,Aore,9,54
2021,Sanma,Aore,10,50
2021,Sanma,Aore,11,47
2021,Sanma,Aore,12,34
2021,Sanma,Aore,13,29
2021,Sanma,Araki,,36
2021,Sanma,Araki,1,6
2021,Sanma,Araki,2,7
2021,Sanma,Araki,3,2
2021,Sanma,Araki,4,12
2021,Sanma,Araki,5,3
2021,Sanma,Araki,6,6
2021,Sanma,Malo,,1432
2021,Sanma,Malo,PreSchool,289
2021,Sanma,Malo,1,173
2021,Sanma,Malo,2,171
2021,Sanma,Malo,3,162
2021,Sanma,Malo,4,177
2021,Sanma,Malo,5,133
2021,Sanma,Malo,6,134
2021,Sanma,Malo,7,88
2021,Sanma,Malo,8,71
2021,Sanma,Malo,9,31
2021,Sanma,Malo,10,3
2021,Sanma,Mavea,,44
2021,Sanma,Mavea,PreSchool,13
2021,Sanma,Mavea,1,5
2021,Sanma,Mavea,2,5
2021,Sanma,Mavea,3,4
2021,Sanma,Mavea,4,5
2021,Sanma,Mavea,5,9
2021,Sanma,Mavea,6,3
2021,Sanma,Santo,,19642
2021,Sanma,Santo,PreSchool,3430
2021,Sanma,Santo,1,1806
2021,Sanma,Santo,2,1859
2021,Sanma,Santo,3,1974
2021,Sanma,Santo,4,2236
2021,Sanma,Santo,5,1709
2021,Sanma,Santo,6,1453
2021,Sanma,Santo,7,1212
2021,Sanma,Santo,8,1012
2021,Sanma,Santo,9,913
2021,Sanma,Santo,10,810
2021,Sanma,Santo,11,493
2021,Sanma,Santo,12,407
2021,Sanma,Santo,13,295
2021,Sanma,Santo,14,33
2021,Sanma,Tutuba,,152
2021,Sanma,Tutuba,PreSchool,35
2021,Sanma,Tutuba,1,25
2021,Sanma,Tutuba,2,19
2021,Sanma,Tutuba,3,19
2021,Sanma,Tutuba,4,24
2021,Sanma,Tutuba,5,19
2021,Sanma,Tutuba,6,11
2021,Shefa,,,31631
2021,Shefa,Buninga,,17
2021,Shefa,Buninga,2,4
2021,Shefa,Buninga,4,6
2021,Shefa,Buninga,6,7
2021,Shefa,Efate,,26424
2021,Shefa,Efate,PreSchool,4161
2021,Shefa,Efate,1,2129
2021,Shefa,Efate,2,2406
2021,Shefa,Efate,3,2356
2021,Shefa,Efate,4,2224
2021,Shefa,Efate,5,2094
2021,Shefa,Efate,6,1882
2021,Shefa,Efate,7,1718
2021,Shefa,Efate,8,1568
2021,Shefa,Efate,9,1386
2021,Shefa,Efate,10,1302
2021,Shefa,Efate,11,1096
2021,Shefa,Efate,12,1105
2021,Shefa,Efate,13,815
2021,Shefa,Efate,14,182
2021,Shefa,Emae,,277
2021,Shefa,Emae,PreSchool,18
2021,Shefa,Emae,1,16
2021,Shefa,Emae,2,34
2021,Shefa,Emae,3,28
2021,Shefa,Emae,4,34
2021,Shefa,Emae,5,33
2021,Shefa,Emae,6,27
2021,Shefa,Emae,7,23
2021,Shefa,Emae,8,27
2021,Shefa,Emae,9,17
2021,Shefa,Emae,10,20
2021,Shefa,Emao,,275
2021,Shefa,Emao,PreSchool,33
2021,Shefa,Emao,1,45
2021,Shefa,Emao,2,34
2021,Shefa,Emao,3,43
2021,Shefa,Emao,4,21
2021,Shefa,Emao,5,34
2021,Shefa,Emao,6,30
2021,Shefa,Emao,7,24
2021,Shefa,Emao,8,11
2021,Shefa,Epi,,2647
2021,Shefa,Epi,PreSchool,474
2021,Shefa,Epi,1,265
2021,Shefa,Epi,2,272
2021,Shefa,Epi,3,280
2021,Shefa,Epi,4,289
2021,Shefa,Epi,5,270
2021,Shefa,Epi,6,217
2021,Shefa,Epi,7,142
2021,Shefa,Epi,8,150
2021,Shefa,Epi,9,92
2021,Shefa,Epi,10,111
2021,Shefa,Epi,11,50
2021,Shefa,Epi,12,35
2021,Shefa,Ifira,,203
2021,Shefa,Ifira,PreSchool,67
2021,Shefa,Ifira,1,24
2021,Shefa,Ifira,2,22
2021,Shefa,Ifira,3,20
2021,Shefa,Ifira,4,25
2021,Shefa,Ifira,5,30
2021,Shefa,Ifira,6,15
2021,Shefa,Lamen,,36
2021,Shefa,Lamen,PreSchool,36
2021,Shefa,Lelepa,,118
2021,Shefa,Lelepa,PreSchool,25
2021,Shefa,Lelepa,1,23
2021,Shefa,Lelepa,2,13
2021,Shefa,Lelepa,3,14
2021,Shefa,Lelepa,4,16
2021,Shefa,Lelepa,5,18
2021,Shefa,Lelepa,6,9
2021,Shefa,Makira,,36
2021,Shefa,Makira,PreSchool,13
2021,Shefa,Makira,1,3
2021,Shefa,Makira,2,4
2021,Shefa,Makira,3,6
2021,Shefa,Makira,4,2
2021,Shefa,Makira,5,5
2021,Shefa,Makira,6,3
2021,Shefa,Matoso,,30
2021,Shefa,Matoso,PreSchool,9
2021,Shefa,Matoso,2,7
2021,Shefa,Matoso,4,14
2021,Shefa,Moso,,110
2021,Shefa,Moso,1,24
2021,Shefa,Moso,2,28
2021,Shefa,Moso,3,9
2021,Shefa,Moso,4,12
2021,Shefa,Moso,5,19
2021,Shefa,Moso,6,18
2021,Shefa,Nguna,,547
2021,Shefa,Nguna,PreSchool,80
2021,Shefa,Nguna,1,74
2021,Shefa,Nguna,2,46
2021,Shefa,Nguna,3,51
2021,Shefa,Nguna,4,59
2021,Shefa,Nguna,5,46
2021,Shefa,Nguna,6,50
2021,Shefa,Nguna,7,52
2021,Shefa,Nguna,8,39
2021,Shefa,Nguna,9,32
2021,Shefa,Nguna,10,18
2021,Shefa,Pele,,96
2021,Shefa,Pele,1,16
2021,Shefa,Pele,2,13
2021,Shefa,Pele,3,19
2021,Shefa,Pele,4,16
2021,Shefa,Pele,5,21
2021,Shefa,Pele,6,11
2021,Shefa,Tongariki,,86
2021,Shefa,Tongariki,PreSchool,23
2021,Shefa,Tongariki,1,8
2021,Shefa,Tongariki,2,13
2021,Shefa,Tongariki,3,12
2021,Shefa,Tongariki,4,13
2021,Shefa,Tongariki,5,8
2021,Shefa,Tongariki,6,9
2021,Shefa,Tongoa,,729
2021,Shefa,Tongoa,PreSchool,127
2021,Shefa,Tongoa,1,83
2021,Shefa,Tongoa,2,90
2021,Shefa,Tongoa,3,90
2021,Shefa,Tongoa,4,82
2021,Shefa,Tongoa,5,97
2021,Shefa,Tongoa,6,73
2021,Shefa,Tongoa,7,35
2021,Shefa,Tongoa,8,44
2021,Shefa,Tongoa,10,8
2021,Tafea,,,17119
2021,Tafea,Aneityum,,544
2021,Tafea,Aneityum,PreSchool,99
2021,Tafea,Aneityum,1,51
2021,Tafea,Aneityum,2,51
2021,Tafea,Aneityum,3,46
2021,Tafea,Aneityum,4,76
2021,Tafea,Aneityum,5,48
2021,Tafea,Aneityum,6,49
2021,Tafea,Aneityum,7,30
2021,Tafea,Aneityum,8,29
2021,Tafea,Aneityum,9,31
2021,Tafea,Aneityum,10,34
2021,Tafea,Aniwa,,123
2021,Tafea,Aniwa,PreSchool,28
2021,Tafea,Aniwa,1,20
2021,Tafea,Aniwa,2,18
2021,Tafea,Aniwa,3,14
2021,Tafea,Aniwa,4,12
2021,Tafea,Aniwa,5,14
2021,Tafea,Aniwa,6,10
2021,Tafea,Aniwa,7,7
2021,Tafea,Erromango,,968
2021,Tafea,Erromango,PreSchool,152
2021,Tafea,Erromango,1,107
2021,Tafea,Erromango,2,62
2021,Tafea,Erromango,3,100
2021,Tafea,Erromango,4,104
2021,Tafea,Erromango,5,105
2021,Tafea,Erromango,6,84
2021,Tafea,Erromango,7,82
2021,Tafea,Erromango,8,65
2021,Tafea,Erromango,9,54
2021,Tafea,Erromango,10,53
2021,Tafea,Futuna,,298
2021,Tafea,Futuna,PreSchool,40
2021,Tafea,Futuna,1,26
2021,Tafea,Futuna,2,16
2021,Tafea,Futuna,3,19
2021,Tafea,Futuna,4,29
2021,Tafea,Futuna,5,19
2021,Tafea,Futuna,6,28
2021,Tafea,Futuna,7,36
2021,Tafea,Futuna,8,28
2021,Tafea,Futuna,9,27
2021,Tafea,Futuna,10,30
2021,Tafea,Tanna,,15186
2021,Tafea,Tanna,PreSchool,2507
2021,Tafea,Tanna,1,1649
2021,Tafea,Tanna,2,1779
2021,Tafea,Tanna,3,1783
2021,Tafea,Tanna,4,1633
2021,Tafea,Tanna,5,1595
2021,Tafea,Tanna,6,1205
2021,Tafea,Tanna,7,805
2021,Tafea,Tanna,8,662
2021,Tafea,Tanna,9,613
2021,Tafea,Tanna,10,422
2021,Tafea,Tanna,11,267
2021,Tafea,Tanna,12,166
2021,Tafea,Tanna,13,100
2021,Torba,,,3323
2021,Torba,Gaua,,847
2021,Torba,Gaua,PreSchool,161
2021,Torba,Gaua,1,114
2021,Torba,Gaua,2,85
2021,Torba,Gaua,3,87
2021,Torba,Gaua,4,104
2021,Torba,Gaua,5,99
2021,Torba,Gaua,6,61
2021,Torba,Gaua,7,37
2021,Torba,Gaua,8,45
2021,Torba,Gaua,9,31
2021,Torba,Gaua,10,23
2021,Torba,Hiu,,103
2021,Torba,Hiu,PreSchool,27
2021,Torba,Hiu,1,12
2021,Torba,Hiu,2,13
2021,Torba,Hiu,3,10
2021,Torba,Hiu,4,18
2021,Torba,Hiu,5,10
2021,Torba,Hiu,6,13
2021,Torba,Loh,,134
2021,Torba,Loh,PreSchool,16
2021,Torba,Loh,1,12
2021,Torba,Loh,2,11
2021,Torba,Loh,3,9
2021,Torba,Loh,4,7
2021,Torba,Loh,5,11
2021,Torba,Loh,6,10
2021,Torba,Loh,7,39
2021,Torba,Loh,8,19
2021,Torba,Mere Lava,,201
2021,Torba,Mere Lava,PreSchool,45
2021,Torba,Mere Lava,1,23
2021,Torba,Mere Lava,2,31
2021,Torba,Mere Lava,3,32
2021,Torba,Mere Lava,4,26
2021,Torba,Mere Lava,5,21
2021,Torba,Mere Lava,6,23
2021,Torba,Mota,,193
2021,Torba,Mota,PreSchool,48
2021,Torba,Mota,1,17
2021,Torba,Mota,2,28
2021,Torba,Mota,3,14
2021,Torba,Mota,4,29
2021,Torba,Mota,5,36
2021,Torba,Mota,6,21
2021,Torba,Mota Lava,,517
2021,Torba,Mota Lava,PreSchool,93
2021,Torba,Mota Lava,1,46
2021,Torba,Mota Lava,2,62
2021,Torba,Mota Lava,3,68
2021,Torba,Mota Lava,4,46
2021,Torba,Mota Lava,5,64
2021,Torba,Mota Lava,6,41
2021,Torba,Mota Lava,7,30
2021,Torba,Mota Lava,8,18
2021,Torba,Mota Lava,9,32
2021,Torba,Mota Lava,10,17
2021,Torba,Rah,,9
2021,Torba,Rah,PreSchool,9
2021,Torba,Tegua,,12
2021,Torba,Tegua,PreSchool,12
2021,Torba,Toga,,137
2021,Torba,Toga,PreSchool,30
2021,Torba,Toga,1,13
2021,Torba,Toga,2,16
2021,Torba,Toga,3,20
2021,Torba,Toga,4,14
2021,Torba,Toga,5,20
2021,Torba,Toga,6,24
2021,Torba,Ureparapara,,116
2021,Torba,Ureparapara,PreSchool,34
2021,Torba,Ureparapara,1,11
2021,Torba,Ureparapara,2,10
2021,Torba,Ureparapara,3,14
2021,Torba,Ureparapara,4,18
2021,Torba,Ureparapara,5,17
2021,Torba,Ureparapara,6,12
2021,Torba,Vanua Lava,,1054
2021,Torba,Vanua Lava,PreSchool,183
2021,Torba,Vanua Lava,1,98
2021,Torba,Vanua Lava,2,76
2021,Torba,Vanua Lava,3,108
2021,Torba,Vanua Lava,4,72
2021,Torba,Vanua Lava,5,88
2021,Torba,Vanua Lava,6,96
2021,Torba,Vanua Lava,7,103
2021,Torba,Vanua Lava,8,79
2021,Torba,Vanua Lava,9,50
2021,Torba,Vanua Lava,10,52
2021,Torba,Vanua Lava,11,24
2021,Torba,Vanua Lava,12,20
2021,Torba,Vanua Lava,13,5
2022,,,,98955
2022,Malampa,,,14372
2022,Malampa,Ambrym,,2555
2022,Malampa,Ambrym,PreSchool,417
2022,Malampa,Ambrym,1,284
2022,Malampa,Ambrym,2,245
2022,Malampa,Ambrym,3,277
2022,Malampa,Ambrym,4,249
2022,Malampa,Ambrym,5,235
2022,Malampa,Ambrym,6,235
2022,Malampa,Ambrym,7,189
2022,Malampa,Ambrym,8,154
2022,Malampa,Ambrym,9,153
2022,Malampa,Ambrym,10,117
2022,Malampa,Atchin,,216
2022,Malampa,Atchin,PreSchool,42
2022,Malampa,Atchin,1,44
2022,Malampa,Atchin,2,32
2022,Malampa,Atchin,3,25
2022,Malampa,Atchin,4,24
2022,Malampa,Atchin,5,25
2022,Malampa,Atchin,6,24
2022,Malampa,Avock,,65
2022,Malampa,Avock,1,5
2022,Malampa,Avock,2,6
2022,Malampa,Avock,3,13
2022,Malampa,Avock,4,11
2022,Malampa,Avock,5,12
2022,Malampa,Avock,6,18
2022,Malampa,Malekula,,10278
2022,Malampa,Malekula,PreSchool,1704
2022,Malampa,Malekula,1,929
2022,Malampa,Malekula,2,955
2022,Malampa,Malekula,3,958
2022,Malampa,Malekula,4,988
2022,Malampa,Malekula,5,1008
2022,Malampa,Malekula,6,888
2022,Malampa,Malekula,7,773
2022,Malampa,Malekula,8,660
2022,Malampa,Malekula,9,612
2022,Malampa,Malekula,10,436
2022,Malampa,Malekula,11,170
2022,Malampa,Malekula,12,125
2022,Malampa,Malekula,13,72
2022,Malampa,Maskelyns,,368
2022,Malampa,Maskelyns,PreSchool,38
2022,Malampa,Maskelyns,1,27
2022,Malampa,Maskelyns,2,27
2022,Malampa,Maskelyns,3,34
2022,Malampa,Maskelyns,4,38
2022,Malampa,Maskelyns,5,72
2022,Malampa,Maskelyns,6,25
2022,Malampa,Maskelyns,7,42
2022,Malampa,Maskelyns,8,30
2022,Malampa,Maskelyns,9,14
2022,Malampa,Maskelyns,10,21
2022,Malampa,Paama,,386
2022,Malampa,Paama,PreSchool,69
2022,Malampa,Paama,1,35
2022,Malampa,Paama,2,32
2022,Malampa,Paama,3,40
2022,Malampa,Paama,4,43
2022,Malampa,Paama,5,24
2022,Malampa,Paama,6,40
2022,Malampa,Paama,7,39
2022,Malampa,Paama,8,21
2022,Malampa,Paama,9,20
2022,Malampa,Paama,10,23
2022,Malampa,Tomman,,62
2022,Malampa,Tomman,1,11
2022,Malampa,Tomman,2,7
2022,Malampa,Tomman,3,8
2022,Malampa,Tomman,4,17
2022,Malampa,Tomman,5,11
2022,Malampa,Tomman,6,8
2022,Malampa,Uripiv,,110
2022,Malampa,Uripiv,1,16
2022,Malampa,Uripiv,2,21
2022,Malampa,Uripiv,3,28
2022,Malampa,Uripiv,4,17
2022,Malampa,Uripiv,5,12
2022,Malampa,Uripiv,6,16
2022,Malampa,Vao,,332
2022,Malampa,Vao,1,63
2022,Malampa,Vao,2,65
2022,Malampa,Vao,3,67
2022,Malampa,Vao,4,62
2022,Malampa,Vao,5,32
2022,Malampa,Vao,6,43
2022,Penama,,,11433
2022,Penama,Ambae,,3260
2022,Penama,Ambae,PreSchool,510
2022,Penama,Ambae,1,308
2022,Penama,Ambae,2,298
2022,Penama,Ambae,3,294
2022,Penama,Ambae,4,336
2022,Penama,Ambae,5,299
2022,Penama,Ambae,6,279
2022,Penama,Ambae,7,219
2022,Penama,Ambae,8,194
2022,Penama,Ambae,9,167
2022,Penama,Ambae,10,160
2022,Penama,Ambae,11,73
2022,Penama,Ambae,12,73
2022,Penama,Ambae,13,50
2022,Penama,Maewo,,1428
2022,Penama,Maewo,PreSchool,282
2022,Penama,Maewo,1,156
2022,Penama,Maewo,2,154
2022,Penama,Maewo,3,190
2022,Penama,Maewo,4,144
2022,Penama,Maewo,5,149
2022,Penama,Maewo,6,126
2022,Penama,Maewo,7,77
2022,Penama,Maewo,8,56
2022,Penama,Maewo,9,60
2022,Penama,Maewo,10,34
2022,Penama,Pentecost,,6745
2022,Penama,Pentecost,PreSchool,1163
2022,Penama,Pentecost,1,707
2022,Penama,Pentecost,2,795
2022,Penama,Pentecost,3,703
2022,Penama,Pentecost,4,733
2022,Penama,Pentecost,5,659
2022,Penama,Pentecost,6,551
2022,Penama,Pentecost,7,426
2022,Penama,Pentecost,8,336
2022,Penama,Pentecost,9,293
2022,Penama,Pentecost,10,206
2022,Penama,Pentecost,11,97
2022,Penama,Pentecost,12,47
2022,Penama,Pentecost,13,29
2022,Sanma,,,21431
2022,Sanma,Aore,,435
2022,Sanma,Aore,PreSchool,7
2022,Sanma,Aore,1,8
2022,Sanma,Aore,2,9
2022,Sanma,Aore,3,11
2022,Sanma,Aore,4,12
2022,Sanma,Aore,5,18
2022,Sanma,Aore,6,14
2022,Sanma,Aore,7,36
2022,Sanma,Aore,8,35
2022,Sanma,Aore,9,59
2022,Sanma,Aore,10,50
2022,Sanma,Aore,11,82
2022,Sanma,Aore,12,50
2022,Sanma,Aore,13,44
2022,Sanma,Araki,,37
2022,Sanma,Araki,1,9
2022,Sanma,Araki,2,6
2022,Sanma,Araki,3,7
2022,Sanma,Araki,4,2
2022,Sanma,Araki,5,10
2022,Sanma,Araki,6,3
2022,Sanma,Malo,,1464
2022,Sanma,Malo,PreSchool,270
2022,Sanma,Malo,1,124
2022,Sanma,Malo,2,166
2022,Sanma,Malo,3,158
2022,Sanma,Malo,4,158
2022,Sanma,Malo,5,165
2022,Sanma,Malo,6,138
2022,Sanma,Malo,7,102
2022,Sanma,Malo,8,82
2022,Sanma,Malo,9,43
2022,Sanma,Malo,10,58
2022,Sanma,Mavea,,32
2022,Sanma,Mavea,1,4
2022,Sanma,Mavea,2,5
2022,Sanma,Mavea,3,5
2022,Sanma,Mavea,4,5
2022,Sanma,Mavea,5,7
2022,Sanma,Mavea,6,6
2022,Sanma,Santo,,19299
2022,Sanma,Santo,PreSchool,2715
2022,Sanma,Santo,1,1747
2022,Sanma,Santo,2,1778
2022,Sanma,Santo,3,1875
2022,Sanma,Santo,4,1923
2022,Sanma,Santo,5,2088
2022,Sanma,Santo,6,1665
2022,Sanma,Santo,7,1238
2022,Sanma,Santo,8,1081
2022,Sanma,Santo,9,1041
2022,Sanma,Santo,10,795
2022,Sanma,Santo,11,532
2022,Sanma,Santo,12,409
2022,Sanma,Santo,13,341
2022,Sanma,Santo,14,71
2022,Sanma,Tutuba,,164
2022,Sanma,Tutuba,PreSchool,48
2022,Sanma,Tutuba,1,20
2022,Sanma,Tutuba,2,16
2022,Sanma,Tutuba,3,17
2022,Sanma,Tutuba,4,20
2022,Sanma,Tutuba,5,23
2022,Sanma,Tutuba,6,20
2022,Shefa,,,31354
2022,Shefa,Buninga,,32
2022,Shefa,Buninga,PreSchool,11
2022,Shefa,Buninga,1,6
2022,Shefa,Buninga,3,4
2022,Shefa,Buninga,5,5
2022,Shefa,Buninga,6,6
2022,Shefa,Efate,,26225
2022,Shefa,Efate,PreSchool,3870
2022,Shefa,Efate,1,2024
2022,Shefa,Efate,2,2093
2022,Shefa,Efate,3,2390
2022,Shefa,Efate,4,2275
2022,Shefa,Efate,5,2125
2022,Shefa,Efate,6,2054
2022,Shefa,Efate,7,1775
2022,Shefa,Efate,8,1651
2022,Shefa,Efate,9,1307
2022,Shefa,Efate,10,1337
2022,Shefa,Efate,11,1060
2022,Shefa,Efate,12,1040
2022,Shefa,Efate,13,971
2022,Shefa,Efate,14,253
2022,Shefa,Emae,,282
2022,Shefa,Emae,1,27
2022,Shefa,Emae,2,24
2022,Shefa,Emae,3,30
2022,Shefa,Emae,4,32
2022,Shefa,Emae,5,33
2022,Shefa,Emae,6,28
2022,Shefa,Emae,7,32
2022,Shefa,Emae,8,28
2022,Shefa,Emae,9,27
2022,Shefa,Emae,10,21
2022,Shefa,Emao,,300
2022,Shefa,Emao,PreSchool,52
2022,Shefa,Emao,1,38
2022,Shefa,Emao,2,36
2022,Shefa,Emao,3,32
2022,Shefa,Emao,4,38
2022,Shefa,Emao,5,22
2022,Shefa,Emao,6,34
2022,Shefa,Emao,7,23
2022,Shefa,Emao,8,25
2022,Shefa,Epi,,2601
2022,Shefa,Epi,PreSchool,377
2022,Shefa,Epi,1,278
2022,Shefa,Epi,2,273
2022,Shefa,Epi,3,288
2022,Shefa,Epi,4,252
2022,Shefa,Epi,5,283
2022,Shefa,Epi,6,277
2022,Shefa,Epi,7,146
2022,Shefa,Epi,8,144
2022,Shefa,Epi,9,119
2022,Shefa,Epi,10,86
2022,Shefa,Epi,11,41
2022,Shefa,Epi,12,37
2022,Shefa,Ifira,,157
2022,Shefa,Ifira,PreSchool,28
2022,Shefa,Ifira,1,19
2022,Shefa,Ifira,2,24
2022,Shefa,Ifira,3,17
2022,Shefa,Ifira,4,21
2022,Shefa,Ifira,5,22
2022,Shefa,Ifira,6,26
2022,Shefa,Lamen,,36
2022,Shefa,Lamen,PreSchool,36
2022,Shefa,Lelepa,,130
2022,Shefa,Lelepa,PreSchool,29
2022,Shefa,Lelepa,1,16
2022,Shefa,Lelepa,2,21
2022,Shefa,Lelepa,3,13
2022,Shefa,Lelepa,4,16
2022,Shefa,Lelepa,5,15
2022,Shefa,Lelepa,6,20
2022,Shefa,Makira,,41
2022,Shefa,Makira,PreSchool,13
2022,Shefa,Makira,1,2
2022,Shefa,Makira,2,4
2022,Shefa,Makira,3,9
2022,Shefa,Makira,4,5
2022,Shefa,Makira,5,6
2022,Shefa,Makira,6,2
2022,Shefa,Matoso,,30
2022,Shefa,Matoso,1,9
2022,Shefa,Matoso,3,7
2022,Shefa,Matoso,5,14
2022,Shefa,Moso,,113
2022,Shefa,Moso,1,17
2022,Shefa,Moso,2,27
2022,Shefa,Moso,3,21
2022,Shefa,Moso,4,15
2022,Shefa,Moso,5,12
2022,Shefa,Moso,6,21
2022,Shefa,Nguna,,538
2022,Shefa,Nguna,PreSchool,69
2022,Shefa,Nguna,1,55
2022,Shefa,Nguna,2,70
2022,Shefa,Nguna,3,39
2022,Shefa,Nguna,4,52
2022,Shefa,Nguna,5,54
2022,Shefa,Nguna,6,48
2022,Shefa,Nguna,7,45
2022,Shefa,Nguna,8,46
2022,Shefa,Nguna,9,32
2022,Shefa,Nguna,10,28
2022,Shefa,Pele,,103
2022,Shefa,Pele,1,18
2022,Shefa,Pele,2,15
2022,Shefa,Pele,3,14
2022,Shefa,Pele,4,22
2022,Shefa,Pele,5,16
2022,Shefa,Pele,6,18
2022,Shefa,Tongariki,,90
2022,Shefa,Tongariki,PreSchool,22
2022,Shefa,Tongariki,1,16
2022,Shefa,Tongariki,2,10
2022,Shefa,Tongariki,3,12
2022,Shefa,Tongariki,4,9
2022,Shefa,Tongariki,5,16
2022,Shefa,Tongariki,6,5
2022,Shefa,Tongoa,,676
2022,Shefa,Tongoa,PreSchool,113
2022,Shefa,Tongoa,1,87
2022,Shefa,Tongoa,2,71
2022,Shefa,Tongoa,3,86
2022,Shefa,Tongoa,4,88
2022,Shefa,Tongoa,5,75
2022,Shefa,Tongoa,6,92
2022,Shefa,Tongoa,7,11
2022,Shefa,Tongoa,8,33
2022,Shefa,Tongoa,9,20
2022,Tafea,,,16898
2022,Tafea,Aneityum,,529
2022,Tafea,Aneityum,PreSchool,107
2022,Tafea,Aneityum,1,31
2022,Tafea,Aneityum,2,52
2022,Tafea,Aneityum,3,50
2022,Tafea,Aneityum,4,49
2022,Tafea,Aneityum,5,70
2022,Tafea,Aneityum,6,48
2022,Tafea,Aneityum,7,43
2022,Tafea,Aneityum,8,31
2022,Tafea,Aneityum,9,27
2022,Tafea,Aneityum,10,21
2022,Tafea,Aniwa,,141
2022,Tafea,Aniwa,PreSchool,37
2022,Tafea,Aniwa,1,13
2022,Tafea,Aniwa,2,21
2022,Tafea,Aniwa,3,14
2022,Tafea,Aniwa,4,14
2022,Tafea,Aniwa,5,12
2022,Tafea,Aniwa,6,13
2022,Tafea,Aniwa,7,10
2022,Tafea,Aniwa,8,7
2022,Tafea,Erromango,,936
2022,Tafea,Erromango,PreSchool,121
2022,Tafea,Erromango,1,120
2022,Tafea,Erromango,2,96
2022,Tafea,Erromango,3,61
2022,Tafea,Erromango,4,99
2022,Tafea,Erromango,5,99
2022,Tafea,Erromango,6,93
2022,Tafea,Erromango,7,67
2022,Tafea,Erromango,8,75
2022,Tafea,Erromango,9,53
2022,Tafea,Erromango,10,52
2022,Tafea,Futuna,,291
2022,Tafea,Futuna,PreSchool,46
2022,Tafea,Futuna,1,22
2022,Tafea,Futuna,2,26
2022,Tafea,Futuna,3,16
2022,Tafea,Futuna,4,19
2022,Tafea,Futuna,5,29
2022,Tafea,Futuna,6,19
2022,Tafea,Futuna,7,27
2022,Tafea,Futuna,8,35
2022,Tafea,Futuna,9,28
2022,Tafea,Futuna,10,24
2022,Tafea,Tanna,,15001
2022,Tafea,Tanna,PreSchool,2358
2022,Tafea,Tanna,1,1454
2022,Tafea,Tanna,2,1560
2022,Tafea,Tanna,3,1688
2022,Tafea,Tanna,4,1670
2022,Tafea,Tanna,5,1505
2022,Tafea,Tanna,6,1499
2022,Tafea,Tanna,7,836
2022,Tafea,Tanna,8,736
2022,Tafea,Tanna,9,622
2022,Tafea,Tanna,10,477
2022,Tafea,Tanna,11,271
2022,Tafea,Tanna,12,210
2022,Tafea,Tanna,13,115
2022,Torba,,,3467
2022,Torba,Gaua,,1005
2022,Torba,Gaua,PreSchool,176
2022,Torba,Gaua,1,113
2022,Torba,Gaua,2,106
2022,Torba,Gaua,3,114
2022,Torba,Gaua,4,100
2022,Torba,Gaua,5,116
2022,Torba,Gaua,6,100
2022,Torba,Gaua,7,52
2022,Torba,Gaua,8,32
2022,Torba,Gaua,9,71
2022,Torba,Gaua,10,25
2022,Torba,Hiu,,109
2022,Torba,Hiu,PreSchool,27
2022,Torba,Hiu,1,22
2022,Torba,Hiu,2,11
2022,Torba,Hiu,3,12
2022,Torba,Hiu,4,11
2022,Torba,Hiu,5,18
2022,Torba,Hiu,6,8
2022,Torba,Loh,,182
2022,Torba,Loh,PreSchool,12
2022,Torba,Loh,1,11
2022,Torba,Loh,2,12
2022,Torba,Loh,3,12
2022,Torba,Loh,4,10
2022,Torba,Loh,5,7
2022,Torba,Loh,6,11
2022,Torba,Loh,7,42
2022,Torba,Loh,8,42
2022,Torba,Loh,9,23
2022,Torba,Mere Lava,,171
2022,Torba,Mere Lava,PreSchool,27
2022,Torba,Mere Lava,1,21
2022,Torba,Mere Lava,2,29
2022,Torba,Mere Lava,3,29
2022,Torba,Mere Lava,4,25
2022,Torba,Mere Lava,5,22
2022,Torba,Mere Lava,6,18
2022,Torba,Mota,,168
2022,Torba,Mota,PreSchool,29
2022,Torba,Mota,1,21
2022,Torba,Mota,2,23
2022,Torba,Mota,3,25
2022,Torba,Mota,4,15
2022,Torba,Mota,5,26
2022,Torba,Mota,6,29
2022,Torba,Mota Lava,,504
2022,Torba,Mota Lava,PreSchool,79
2022,Torba,Mota Lava,1,50
2022,Torba,Mota Lava,2,46
2022,Torba,Mota Lava,3,58
2022,Torba,Mota Lava,4,65
2022,Torba,Mota Lava,5,44
2022,Torba,Mota Lava,6,55
2022,Torba,Mota Lava,7,32
2022,Torba,Mota Lava,8,28
2022,Torba,Mota Lava,9,19
2022,Torba,Mota Lava,10,28
2022,Torba,Rah,,13
2022,Torba,Rah,PreSchool,13
2022,Torba,Tegua,,7
2022,Torba,Tegua,PreSchool,7
2022,Torba,Toga,,153
2022,Torba,Toga,PreSchool,44
2022,Torba,Toga,1,22
2022,Torba,Toga,2,14
2022,Torba,Toga,3,17
2022,Torba,Toga,4,20
2022,Torba,Toga,5,14
2022,Torba,Toga,6,22
2022,Torba,Ureparapara,,122
2022,Torba,Ureparapara,PreSchool,33
2022,Torba,Ureparapara,1,18
2022,Torba,Ureparapara,2,11
2022,Torba,Ureparapara,3,10
2022,Torba,Ureparapara,4,16
2022,Torba,Ureparapara,5,17
2022,Torba,Ureparapara,6,17
2022,Torba,Vanua Lava,,1033
2022,Torba,Vanua Lava,PreSchool,176
2022,Torba,Vanua Lava,1,92
2022,Torba,Vanua Lava,2,99
2022,Torba,Vanua Lava,3,79
2022,Torba,Vanua Lava,4,107
2022,Torba,Vanua Lava,5,75
2022,Torba,Vanua Lava,6,86
2022,Torba,Vanua Lava,7,103
2022,Torba,Vanua Lava,8,85
2022,Torba,Vanua Lava,9,54
2022,Torba,Vanua Lava,10,32
2022,Torba,Vanua Lava,11,16
2022,Torba,Vanua Lava,12,15
2022,Torba,Vanua Lava,13,14