Year,Province,Island,Class,Value
2018,,,,87531.0
2018,Malampa,,,13108.0
2018,Malampa,Ambrym,,2420.0
2018,Malampa,Ambrym,PreSchool,385.0
2018,Malampa,Ambrym,1,295.0
2018,Malampa,Ambrym,2,277.0
2018,Malampa,Ambrym,3,248.0
2018,Malampa,Ambrym,4,250.0
2018,Malampa,Ambrym,5,228.0
2018,Malampa,Ambrym,6,208.0
2018,Malampa,Ambrym,7,171.0
2018,Malampa,Ambrym,8,141.0
2018,Malampa,Ambrym,9,104.0
2018,Malampa,Ambrym,10,113.0
2018,Malampa,Atchin,,193.0
2018,Malampa,Atchin,PreSchool,41.0
2018,Malampa,Atchin,1,21.0
2018,Malampa,Atchin,2,28.0
2018,Malampa,Atchin,3,39.0
2018,Malampa,Atchin,4,31.0
2018,Malampa,Atchin,5,22.0
2018,Malampa,Atchin,6,11.0
2018,Malampa,Avock,,72.0
2018,Malampa,Avock,1,15.0
2018,Malampa,Avock,2,13.0
2018,Malampa,Avock,3,11.0
2018,Malampa,Avock,4,13.0
2018,Malampa,Avock,5,11.0
2018,Malampa,Avock,6,9.0
2018,Malampa,Malekula,,9261.0
2018,Malampa,Malekula,PreSchool,1650.0
2018,Malampa,Malekula,1,1181.0
2018,Malampa,Malekula,2,1147.0
2018,Malampa,Malekula,3,956.0
2018,Malampa,Malekula,4,874.0
2018,Malampa,Malekula,5,798.0
2018,Malampa,Malekula,6,719.0
2018,Malampa,Malekula,7,585.0
2018,Malampa,Malekula,8,423.0
2018,Malampa,Malekula,9,396.0
2018,Malampa,Malekula,10,295.0
2018,Malampa,Malekula,11,111.0
2018,Malampa,Malekula,12,96.0
2018,Malampa,Malekula,13,30.0
2018,Malampa,Maskelyns,,363.0
2018,Malampa,Maskelyns,PreSchool,63.0
2018,Malampa,Maskelyns,1,79.0
2018,Malampa,Maskelyns,2,27.0
2018,Malampa,Maskelyns,3,28.0
2018,Malampa,Maskelyns,4,24.0
2018,Malampa,Maskelyns,5,24.0
2018,Malampa,Maskelyns,6,32.0
2018,Malampa,Maskelyns,7,23.0
2018,Malampa,Maskelyns,8,19.0
2018,Malampa,Maskelyns,9,20.0
2018,Malampa,Maskelyns,10,24.0
2018,Malampa,Paama,,434.0
2018,Malampa,Paama,PreSchool,80.0
2018,Malampa,Paama,1,27.0
2018,Malampa,Paama,2,40.0
2018,Malampa,Paama,3,63.0
2018,Malampa,Paama,4,40.0
2018,Malampa,Paama,5,39.0
2018,Malampa,Paama,6,35.0
2018,Malampa,Paama,7,36.0
2018,Malampa,Paama,8,16.0
2018,Malampa,Paama,9,41.0
2018,Malampa,Paama,10,17.0
2018,Malampa,Uripiv,,96.0
2018,Malampa,Uripiv,1,20.0
2018,Malampa,Uripiv,2,18.0
2018,Malampa,Uripiv,3,13.0
2018,Malampa,Uripiv,4,16.0
2018,Malampa,Uripiv,5,20.0
2018,Malampa,Uripiv,6,9.0
2018,Malampa,Vao,,269.0
2018,Malampa,Vao,1,57.0
2018,Malampa,Vao,2,69.0
2018,Malampa,Vao,3,44.0
2018,Malampa,Vao,4,43.0
2018,Malampa,Vao,5,29.0
2018,Malampa,Vao,6,27.0
2018,Penama,,,10564.0
2018,Penama,Ambae,,3342.0
2018,Penama,Ambae,PreSchool,566.0
2018,Penama,Ambae,1,398.0
2018,Penama,Ambae,2,427.0
2018,Penama,Ambae,3,346.0
2018,Penama,Ambae,4,341.0
2018,Penama,Ambae,5,285.0
2018,Penama,Ambae,6,253.0
2018,Penama,Ambae,7,164.0
2018,Penama,Ambae,8,140.0
2018,Penama,Ambae,9,131.0
2018,Penama,Ambae,10,125.0
2018,Penama,Ambae,11,67.0
2018,Penama,Ambae,12,58.0
2018,Penama,Ambae,13,41.0
2018,Penama,Maewo,,1295.0
2018,Penama,Maewo,PreSchool,226.0
2018,Penama,Maewo,1,236.0
2018,Penama,Maewo,2,158.0
2018,Penama,Maewo,3,171.0
2018,Penama,Maewo,4,122.0
2018,Penama,Maewo,5,88.0
2018,Penama,Maewo,6,103.0
2018,Penama,Maewo,7,54.0
2018,Penama,Maewo,8,57.0
2018,Penama,Maewo,9,30.0
2018,Penama,Maewo,10,50.0
2018,Penama,Pentecost,,5927.0
2018,Penama,Pentecost,PreSchool,1019.0
2018,Penama,Pentecost,1,902.0
2018,Penama,Pentecost,2,704.0
2018,Penama,Pentecost,3,722.0
2018,Penama,Pentecost,4,569.0
2018,Penama,Pentecost,5,578.0
2018,Penama,Pentecost,6,436.0
2018,Penama,Pentecost,7,272.0
2018,Penama,Pentecost,8,201.0
2018,Penama,Pentecost,9,235.0
2018,Penama,Pentecost,10,170.0
2018,Penama,Pentecost,11,66.0
2018,Penama,Pentecost,12,38.0
2018,Penama,Pentecost,13,15.0
2018,Sanma,,,19140.0
2018,Sanma,Aore,,325.0
2018,Sanma,Aore,PreSchool,11.0
2018,Sanma,Aore,1,17.0
2018,Sanma,Aore,2,19.0
2018,Sanma,Aore,3,11.0
2018,Sanma,Aore,4,15.0
2018,Sanma,Aore,5,7.0
2018,Sanma,Aore,6,10.0
2018,Sanma,Aore,7,19.0
2018,Sanma,Aore,8,21.0
2018,Sanma,Aore,9,44.0
2018,Sanma,Aore,10,43.0
2018,Sanma,Aore,11,45.0
2018,Sanma,Aore,12,39.0
2018,Sanma,Aore,13,24.0
2018,Sanma,Araki,,44.0
2018,Sanma,Araki,1,18.0
2018,Sanma,Araki,2,4.0
2018,Sanma,Araki,3,4.0
2018,Sanma,Araki,4,8.0
2018,Sanma,Araki,6,10.0
2018,Sanma,Malo,,1379.0
2018,Sanma,Malo,PreSchool,364.0
2018,Sanma,Malo,1,177.0
2018,Sanma,Malo,2,173.0
2018,Sanma,Malo,3,137.0
2018,Sanma,Malo,4,124.0
2018,Sanma,Malo,5,100.0
2018,Sanma,Malo,6,87.0
2018,Sanma,Malo,7,62.0
2018,Sanma,Malo,8,70.0
2018,Sanma,Malo,9,28.0
2018,Sanma,Malo,10,57.0
2018,Sanma,Mavea,,38.0
2018,Sanma,Mavea,PreSchool,14.0
2018,Sanma,Mavea,1,4.0
2018,Sanma,Mavea,2,8.0
2018,Sanma,Mavea,3,2.0
2018,Sanma,Mavea,4,1.0
2018,Sanma,Mavea,5,5.0
2018,Sanma,Mavea,6,4.0
2018,Sanma,Santo,,17202.0
2018,Sanma,Santo,PreSchool,3247.0
2018,Sanma,Santo,1,2348.0
2018,Sanma,Santo,2,2028.0
2018,Sanma,Santo,3,1551.0
2018,Sanma,Santo,4,1520.0
2018,Sanma,Santo,5,1309.0
2018,Sanma,Santo,6,1166.0
2018,Sanma,Santo,7,992.0
2018,Sanma,Santo,8,763.0
2018,Sanma,Santo,9,672.0
2018,Sanma,Santo,10,587.0
2018,Sanma,Santo,11,492.0
2018,Sanma,Santo,12,340.0
2018,Sanma,Santo,13,167.0
2018,Sanma,Santo,14,20.0
2018,Sanma,Tutuba,,152.0
2018,Sanma,Tutuba,PreSchool,37.0
2018,Sanma,Tutuba,1,25.0
2018,Sanma,Tutuba,2,21.0
2018,Sanma,Tutuba,3,16.0
2018,Sanma,Tutuba,4,9.0
2018,Sanma,Tutuba,5,18.0
2018,Sanma,Tutuba,6,26.0
2018,Shefa,,,25903.0
2018,Shefa,Buninga,,27.0
2018,Shefa,Buninga,PreSchool,6.0
2018,Shefa,Buninga,1,4.0
2018,Shefa,Buninga,3,9.0
2018,Shefa,Buninga,5,5.0
2018,Shefa,Buninga,6,3.0
2018,Shefa,Efate,,21030.0
2018,Shefa,Efate,PreSchool,3684.0
2018,Shefa,Efate,1,2072.0
2018,Shefa,Efate,2,2017.0
2018,Shefa,Efate,3,1765.0
2018,Shefa,Efate,4,1675.0
2018,Shefa,Efate,5,1653.0
2018,Shefa,Efate,6,1557.0
2018,Shefa,Efate,7,1430.0
2018,Shefa,Efate,8,1305.0
2018,Shefa,Efate,9,1035.0
2018,Shefa,Efate,10,791.0
2018,Shefa,Efate,11,701.0
2018,Shefa,Efate,12,639.0
2018,Shefa,Efate,13,515.0
2018,Shefa,Efate,14,191.0
2018,Shefa,Emae,,217.0
2018,Shefa,Emae,PreSchool,30.0
2018,Shefa,Emae,1,14.0
2018,Shefa,Emae,2,31.0
2018,Shefa,Emae,3,26.0
2018,Shefa,Emae,4,26.0
2018,Shefa,Emae,5,31.0
2018,Shefa,Emae,6,14.0
2018,Shefa,Emae,8,17.0
2018,Shefa,Emae,9,9.0
2018,Shefa,Emae,10,19.0
2018,Shefa,Emao,,286.0
2018,Shefa,Emao,PreSchool,53.0
2018,Shefa,Emao,1,47.0
2018,Shefa,Emao,2,26.0
2018,Shefa,Emao,3,38.0
2018,Shefa,Emao,4,32.0
2018,Shefa,Emao,5,31.0
2018,Shefa,Emao,6,17.0
2018,Shefa,Emao,7,22.0
2018,Shefa,Emao,8,20.0
2018,Shefa,Epi,,2408.0
2018,Shefa,Epi,PreSchool,474.0
2018,Shefa,Epi,1,335.0
2018,Shefa,Epi,2,279.0
2018,Shefa,Epi,3,236.0
2018,Shefa,Epi,4,215.0
2018,Shefa,Epi,5,190.0
2018,Shefa,Epi,6,165.0
2018,Shefa,Epi,7,118.0
2018,Shefa,Epi,8,87.0
2018,Shefa,Epi,9,141.0
2018,Shefa,Epi,10,85.0
2018,Shefa,Epi,11,44.0
2018,Shefa,Epi,12,39.0
2018,Shefa,Ifira,,181.0
2018,Shefa,Ifira,PreSchool,34.0
2018,Shefa,Ifira,1,19.0
2018,Shefa,Ifira,2,37.0
2018,Shefa,Ifira,3,24.0
2018,Shefa,Ifira,4,22.0
2018,Shefa,Ifira,5,28.0
2018,Shefa,Ifira,6,17.0
2018,Shefa,Lamen,,39.0
2018,Shefa,Lamen,PreSchool,39.0
2018,Shefa,Lelepa,,104.0
2018,Shefa,Lelepa,PreSchool,29.0
2018,Shefa,Lelepa,1,11.0
2018,Shefa,Lelepa,2,22.0
2018,Shefa,Lelepa,3,8.0
2018,Shefa,Lelepa,4,11.0
2018,Shefa,Lelepa,5,12.0
2018,Shefa,Lelepa,6,11.0
2018,Shefa,Makira,,42.0
2018,Shefa,Makira,PreSchool,10.0
2018,Shefa,Makira,1,9.0
2018,Shefa,Makira,2,6.0
2018,Shefa,Makira,3,7.0
2018,Shefa,Makira,4,3.0
2018,Shefa,Makira,6,7.0
2018,Shefa,Matoso,,45.0
2018,Shefa,Matoso,PreSchool,10.0
2018,Shefa,Matoso,1,9.0
2018,Shefa,Matoso,2,8.0
2018,Shefa,Matoso,3,5.0
2018,Shefa,Matoso,4,4.0
2018,Shefa,Matoso,6,9.0
2018,Shefa,Moso,,109.0
2018,Shefa,Moso,PreSchool,7.0
2018,Shefa,Moso,1,20.0
2018,Shefa,Moso,2,13.0
2018,Shefa,Moso,3,26.0
2018,Shefa,Moso,4,16.0
2018,Shefa,Moso,5,13.0
2018,Shefa,Moso,6,14.0
2018,Shefa,Nguna,,459.0
2018,Shefa,Nguna,PreSchool,103.0
2018,Shefa,Nguna,1,60.0
2018,Shefa,Nguna,2,48.0
2018,Shefa,Nguna,3,44.0
2018,Shefa,Nguna,4,42.0
2018,Shefa,Nguna,5,45.0
2018,Shefa,Nguna,6,39.0
2018,Shefa,Nguna,7,35.0
2018,Shefa,Nguna,8,43.0
2018,Shefa,Pele,,99.0
2018,Shefa,Pele,1,17.0
2018,Shefa,Pele,2,17.0
2018,Shefa,Pele,3,19.0
2018,Shefa,Pele,4,16.0
2018,Shefa,Pele,5,16.0
2018,Shefa,Pele,6,14.0
2018,Shefa,Tongariki,,90.0
2018,Shefa,Tongariki,PreSchool,21.0
2018,Shefa,Tongariki,1,15.0
2018,Shefa,Tongariki,2,12.0
2018,Shefa,Tongariki,3,8.0
2018,Shefa,Tongariki,4,14.0
2018,Shefa,Tongariki,5,11.0
2018,Shefa,Tongariki,6,9.0
2018,Shefa,Tongoa,,767.0
2018,Shefa,Tongoa,PreSchool,145.0
2018,Shefa,Tongoa,1,105.0
2018,Shefa,Tongoa,2,107.0
2018,Shefa,Tongoa,3,69.0
2018,Shefa,Tongoa,4,83.0
2018,Shefa,Tongoa,5,64.0
2018,Shefa,Tongoa,6,81.0
2018,Shefa,Tongoa,7,21.0
2018,Shefa,Tongoa,8,53.0
2018,Shefa,Tongoa,9,18.0
2018,Shefa,Tongoa,10,21.0
2018,Tafea,,,15477.0
2018,Tafea,Aneityum,,464.0
2018,Tafea,Aneityum,PreSchool,56.0
2018,Tafea,Aneityum,1,61.0
2018,Tafea,Aneityum,2,65.0
2018,Tafea,Aneityum,3,52.0
2018,Tafea,Aneityum,4,43.0
2018,Tafea,Aneityum,5,50.0
2018,Tafea,Aneityum,6,33.0
2018,Tafea,Aneityum,7,34.0
2018,Tafea,Aneityum,8,31.0
2018,Tafea,Aneityum,9,26.0
2018,Tafea,Aneityum,10,13.0
2018,Tafea,Aniwa,,114.0
2018,Tafea,Aniwa,PreSchool,28.0
2018,Tafea,Aniwa,1,15.0
2018,Tafea,Aniwa,2,15.0
2018,Tafea,Aniwa,3,11.0
2018,Tafea,Aniwa,4,9.0
2018,Tafea,Aniwa,5,11.0
2018,Tafea,Aniwa,6,13.0
2018,Tafea,Aniwa,7,12.0
2018,Tafea,Erromango,,897.0
2018,Tafea,Erromango,PreSchool,137.0
2018,Tafea,Erromango,1,114.0
2018,Tafea,Erromango,2,116.0
2018,Tafea,Erromango,3,111.0
2018,Tafea,Erromango,4,102.0
2018,Tafea,Erromango,5,74.0
2018,Tafea,Erromango,6,49.0
2018,Tafea,Erromango,7,75.0
2018,Tafea,Erromango,8,47.0
2018,Tafea,Erromango,9,33.0
2018,Tafea,Erromango,10,39.0
2018,Tafea,Futuna,,284.0
2018,Tafea,Futuna,PreSchool,38.0
2018,Tafea,Futuna,1,31.0
2018,Tafea,Futuna,2,22.0
2018,Tafea,Futuna,3,25.0
2018,Tafea,Futuna,4,31.0
2018,Tafea,Futuna,5,19.0
2018,Tafea,Futuna,6,13.0
2018,Tafea,Futuna,7,20.0
2018,Tafea,Futuna,8,26.0
2018,Tafea,Futuna,9,29.0
2018,Tafea,Futuna,10,30.0
2018,Tafea,Tanna,,13718.0
2018,Tafea,Tanna,PreSchool,2434.0
2018,Tafea,Tanna,1,2008.0
2018,Tafea,Tanna,2,1930.0
2018,Tafea,Tanna,3,1556.0
2018,Tafea,Tanna,4,1352.0
2018,Tafea,Tanna,5,1104.0
2018,Tafea,Tanna,6,1032.0
2018,Tafea,Tanna,7,663.0
2018,Tafea,Tanna,8,615.0
2018,Tafea,Tanna,9,325.0
2018,Tafea,Tanna,10,359.0
2018,Tafea,Tanna,11,186.0
2018,Tafea,Tanna,12,130.0
2018,Tafea,Tanna,13,24.0
2018,Torba,,,3339.0
2018,Torba,Gaua,,744.0
2018,Torba,Gaua,PreSchool,232.0
2018,Torba,Gaua,1,37.0
2018,Torba,Gaua,2,63.0
2018,Torba,Gaua,3,87.0
2018,Torba,Gaua,4,99.0
2018,Torba,Gaua,5,75.0
2018,Torba,Gaua,6,75.0
2018,Torba,Gaua,7,15.0
2018,Torba,Gaua,8,26.0
2018,Torba,Gaua,9,17.0
2018,Torba,Gaua,10,18.0
2018,Torba,Hiu,,97.0
2018,Torba,Hiu,PreSchool,29.0
2018,Torba,Hiu,1,11.0
2018,Torba,Hiu,2,5.0
2018,Torba,Hiu,3,20.0
2018,Torba,Hiu,4,11.0
2018,Torba,Hiu,5,12.0
2018,Torba,Hiu,6,9.0
2018,Torba,Loh,,94.0
2018,Torba,Loh,PreSchool,16.0
2018,Torba,Loh,1,10.0
2018,Torba,Loh,2,17.0
2018,Torba,Loh,3,14.0
2018,Torba,Loh,4,2.0
2018,Torba,Loh,6,8.0
2018,Torba,Loh,7,15.0
2018,Torba,Loh,8,12.0
2018,Torba,Mere Lava,,218.0
2018,Torba,Mere Lava,PreSchool,45.0
2018,Torba,Mere Lava,1,33.0
2018,Torba,Mere Lava,2,28.0
2018,Torba,Mere Lava,3,39.0
2018,Torba,Mere Lava,4,27.0
2018,Torba,Mere Lava,5,29.0
2018,Torba,Mere Lava,6,17.0
2018,Torba,Mota,,249.0
2018,Torba,Mota,PreSchool,60.0
2018,Torba,Mota,1,33.0
2018,Torba,Mota,2,33.0
2018,Torba,Mota,3,30.0
2018,Torba,Mota,4,38.0
2018,Torba,Mota,5,22.0
2018,Torba,Mota,6,33.0
2018,Torba,Mota Lava,,490.0
2018,Torba,Mota Lava,PreSchool,94.0
2018,Torba,Mota Lava,1,60.0
2018,Torba,Mota Lava,2,40.0
2018,Torba,Mota Lava,3,73.0
2018,Torba,Mota Lava,4,53.0
2018,Torba,Mota Lava,5,35.0
2018,Torba,Mota Lava,6,35.0
2018,Torba,Mota Lava,7,32.0
2018,Torba,Mota Lava,8,11.0
2018,Torba,Mota Lava,9,29.0
2018,Torba,Mota Lava,10,28.0
2018,Torba,Rah,,10.0
2018,Torba,Rah,PreSchool,10.0
2018,Torba,Tegua,,23.0
2018,Torba,Tegua,PreSchool,23.0
2018,Torba,Toga,,149.0
2018,Torba,Toga,PreSchool,41.0
2018,Torba,Toga,1,11.0
2018,Torba,Toga,2,24.0
2018,Torba,Toga,3,28.0
2018,Torba,Toga,4,23.0
2018,Torba,Toga,5,10.0
2018,Torba,Toga,6,12.0
2018,Torba,Ureparapara,,134.0
2018,Torba,Ureparapara,PreSchool,24.0
2018,Torba,Ureparapara,1,17.0
2018,Torba,Ureparapara,2,25.0
2018,Torba,Ureparapara,3,11.0
2018,Torba,Ureparapara,4,29.0
2018,Torba,Ureparapara,5,16.0
2018,Torba,Ureparapara,6,12.0
2018,Torba,Vanua Lava,,1131.0
2018,Torba,Vanua Lava,PreSchool,238.0
2018,Torba,Vanua Lava,1,91.0
2018,Torba,Vanua Lava,2,92.0
2018,Torba,Vanua Lava,3,127.0
2018,Torba,Vanua Lava,4,104.0
2018,Torba,Vanua Lava,5,87.0
2018,Torba,Vanua Lava,6,82.0
2018,Torba,Vanua Lava,7,119.0
2018,Torba,Vanua Lava,8,61.0
2018,Torba,Vanua Lava,9,51.0
2018,Torba,Vanua Lava,10,36.0
2018,Torba,Vanua Lava,11,22.0
2018,Torba,Vanua Lava,12,21.0
2019,,,,91256.0
2019,Malampa,,,13664.0
2019,Malampa,Ambrym,,2381.0
2019,Malampa,Ambrym,PreSchool,400.0
2019,Malampa,Ambrym,1,260.0
2019,Malampa,Ambrym,2,255.0
2019,Malampa,Ambrym,3,288.0
2019,Malampa,Ambrym,4,250.0
2019,Malampa,Ambrym,5,234.0
2019,Malampa,Ambrym,6,234.0
2019,Malampa,Ambrym,7,147.0
2019,Malampa,Ambrym,8,149.0
2019,Malampa,Ambrym,9,93.0
2019,Malampa,Ambrym,10,71.0
2019,Malampa,Atchin,,200.0
2019,Malampa,Atchin,PreSchool,42.0
2019,Malampa,Atchin,1,36.0
2019,Malampa,Atchin,2,29.0
2019,Malampa,Atchin,3,35.0
2019,Malampa,Atchin,4,21.0
2019,Malampa,Atchin,5,25.0
2019,Malampa,Atchin,6,12.0
2019,Malampa,Avock,,79.0
2019,Malampa,Avock,1,12.0
2019,Malampa,Avock,2,15.0
2019,Malampa,Avock,3,14.0
2019,Malampa,Avock,4,11.0
2019,Malampa,Avock,5,13.0
2019,Malampa,Avock,6,14.0
2019,Malampa,Malekula,,9749.0
2019,Malampa,Malekula,PreSchool,1803.0
2019,Malampa,Malekula,1,1022.0
2019,Malampa,Malekula,2,1101.0
2019,Malampa,Malekula,3,1150.0
2019,Malampa,Malekula,4,926.0
2019,Malampa,Malekula,5,846.0
2019,Malampa,Malekula,6,763.0
2019,Malampa,Malekula,7,679.0
2019,Malampa,Malekula,8,428.0
2019,Malampa,Malekula,9,444.0
2019,Malampa,Malekula,10,311.0
2019,Malampa,Malekula,11,127.0
2019,Malampa,Malekula,12,100.0
2019,Malampa,Malekula,13,49.0
2019,Malampa,Maskelyns,,380.0
2019,Malampa,Maskelyns,PreSchool,42.0
2019,Malampa,Maskelyns,1,38.0
2019,Malampa,Maskelyns,2,80.0
2019,Malampa,Maskelyns,3,28.0
2019,Malampa,Maskelyns,4,29.0
2019,Malampa,Maskelyns,5,27.0
2019,Malampa,Maskelyns,6,30.0
2019,Malampa,Maskelyns,7,37.0
2019,Malampa,Maskelyns,8,23.0
2019,Malampa,Maskelyns,9,18.0
2019,Malampa,Maskelyns,10,28.0
2019,Malampa,Paama,,485.0
2019,Malampa,Paama,PreSchool,78.0
2019,Malampa,Paama,1,39.0
2019,Malampa,Paama,2,28.0
2019,Malampa,Paama,3,44.0
2019,Malampa,Paama,4,60.0
2019,Malampa,Paama,5,42.0
2019,Malampa,Paama,6,45.0
2019,Malampa,Paama,7,43.0
2019,Malampa,Paama,8,38.0
2019,Malampa,Paama,9,33.0
2019,Malampa,Paama,10,35.0
2019,Malampa,Uripiv,,102.0
2019,Malampa,Uripiv,1,20.0
2019,Malampa,Uripiv,2,19.0
2019,Malampa,Uripiv,3,16.0
2019,Malampa,Uripiv,4,16.0
2019,Malampa,Uripiv,5,18.0
2019,Malampa,Uripiv,6,13.0
2019,Malampa,Vao,,288.0
2019,Malampa,Vao,1,58.0
2019,Malampa,Vao,2,47.0
2019,Malampa,Vao,3,70.0
2019,Malampa,Vao,4,43.0
2019,Malampa,Vao,5,41.0
2019,Malampa,Vao,6,29.0
2019,Penama,,,9450.0
2019,Penama,Ambae,,1967.0
2019,Penama,Ambae,PreSchool,339.0
2019,Penama,Ambae,1,227.0
2019,Penama,Ambae,2,181.0
2019,Penama,Ambae,3,210.0
2019,Penama,Ambae,4,160.0
2019,Penama,Ambae,5,164.0
2019,Penama,Ambae,6,129.0
2019,Penama,Ambae,7,102.0
2019,Penama,Ambae,8,95.0
2019,Penama,Ambae,9,82.0
2019,Penama,Ambae,10,106.0
2019,Penama,Ambae,11,58.0
2019,Penama,Ambae,12,55.0
2019,Penama,Ambae,13,59.0
2019,Penama,Maewo,,1320.0
2019,Penama,Maewo,PreSchool,266.0
2019,Penama,Maewo,1,186.0
2019,Penama,Maewo,2,191.0
2019,Penama,Maewo,3,161.0
2019,Penama,Maewo,4,127.0
2019,Penama,Maewo,5,119.0
2019,Penama,Maewo,6,82.0
2019,Penama,Maewo,7,63.0
2019,Penama,Maewo,8,44.0
2019,Penama,Maewo,9,42.0
2019,Penama,Maewo,10,39.0
2019,Penama,Pentecost,,6163.0
2019,Penama,Pentecost,PreSchool,1218.0
2019,Penama,Pentecost,1,839.0
2019,Penama,Pentecost,2,714.0
2019,Penama,Pentecost,3,729.0
2019,Penama,Pentecost,4,651.0
2019,Penama,Pentecost,5,531.0
2019,Penama,Pentecost,6,507.0
2019,Penama,Pentecost,7,244.0
2019,Penama,Pentecost,8,200.0
2019,Penama,Pentecost,9,204.0
2019,Penama,Pentecost,10,208.0
2019,Penama,Pentecost,11,71.0
2019,Penama,Pentecost,12,34.0
2019,Penama,Pentecost,13,13.0
2019,Sanma,,,20988.0
2019,Sanma,Aore,,307.0
2019,Sanma,Aore,PreSchool,9.0
2019,Sanma,Aore,1,11.0
2019,Sanma,Aore,2,16.0
2019,Sanma,Aore,3,15.0
2019,Sanma,Aore,4,11.0
2019,Sanma,Aore,5,16.0
2019,Sanma,Aore,6,7.0
2019,Sanma,Aore,7,20.0
2019,Sanma,Aore,8,26.0
2019,Sanma,Aore,9,49.0
2019,Sanma,Aore,10,30.0
2019,Sanma,Aore,11,50.0
2019,Sanma,Aore,12,27.0
2019,Sanma,Aore,13,20.0
2019,Sanma,Araki,,27.0
2019,Sanma,Araki,1,1.0
2019,Sanma,Araki,2,12.0
2019,Sanma,Araki,3,3.0
2019,Sanma,Araki,4,6.0
2019,Sanma,Araki,5,5.0
2019,Sanma,Malo,,1365.0
2019,Sanma,Malo,PreSchool,341.0
2019,Sanma,Malo,1,135.0
2019,Sanma,Malo,2,206.0
2019,Sanma,Malo,3,151.0
2019,Sanma,Malo,4,153.0
2019,Sanma,Malo,5,109.0
2019,Sanma,Malo,6,81.0
2019,Sanma,Malo,7,80.0
2019,Sanma,Malo,8,51.0
2019,Sanma,Malo,9,34.0
2019,Sanma,Malo,10,24.0
2019,Sanma,Mavea,,46.0
2019,Sanma,Mavea,PreSchool,11.0
2019,Sanma,Mavea,1,7.0
2019,Sanma,Mavea,2,6.0
2019,Sanma,Mavea,3,7.0
2019,Sanma,Mavea,4,2.0
2019,Sanma,Mavea,5,6.0
2019,Sanma,Mavea,6,7.0
2019,Sanma,Santo,,19076.0
2019,Sanma,Santo,PreSchool,3275.0
2019,Sanma,Santo,1,2010.0
2019,Sanma,Santo,2,2401.0
2019,Sanma,Santo,3,2157.0
2019,Sanma,Santo,4,1618.0
2019,Sanma,Santo,5,1480.0
2019,Sanma,Santo,6,1354.0
2019,Sanma,Santo,7,1109.0
2019,Sanma,Santo,8,939.0
2019,Sanma,Santo,9,775.0
2019,Sanma,Santo,10,622.0
2019,Sanma,Santo,11,583.0
2019,Sanma,Santo,12,436.0
2019,Sanma,Santo,13,266.0
2019,Sanma,Santo,14,51.0
2019,Sanma,Tutuba,,167.0
2019,Sanma,Tutuba,PreSchool,53.0
2019,Sanma,Tutuba,1,23.0
2019,Sanma,Tutuba,2,25.0
2019,Sanma,Tutuba,3,21.0
2019,Sanma,Tutuba,4,17.0
2019,Sanma,Tutuba,5,9.0
2019,Sanma,Tutuba,6,19.0
2019,Shefa,,,27675.0
2019,Shefa,Buninga,,31.0
2019,Shefa,Buninga,PreSchool,10.0
2019,Shefa,Buninga,2,5.0
2019,Shefa,Buninga,4,9.0
2019,Shefa,Buninga,5,7.0
2019,Shefa,Efate,,22646.0
2019,Shefa,Efate,PreSchool,3730.0
2019,Shefa,Efate,1,2217.0
2019,Shefa,Efate,2,2123.0
2019,Shefa,Efate,3,2154.0
2019,Shefa,Efate,4,1897.0
2019,Shefa,Efate,5,1722.0
2019,Shefa,Efate,6,1644.0
2019,Shefa,Efate,7,1529.0
2019,Shefa,Efate,8,1246.0
2019,Shefa,Efate,9,1163.0
2019,Shefa,Efate,10,994.0
2019,Shefa,Efate,11,871.0
2019,Shefa,Efate,12,642.0
2019,Shefa,Efate,13,565.0
2019,Shefa,Efate,14,149.0
2019,Shefa,Emae,,277.0
2019,Shefa,Emae,PreSchool,44.0
2019,Shefa,Emae,1,27.0
2019,Shefa,Emae,2,28.0
2019,Shefa,Emae,3,30.0
2019,Shefa,Emae,4,26.0
2019,Shefa,Emae,5,25.0
2019,Shefa,Emae,6,25.0
2019,Shefa,Emae,7,18.0
2019,Shefa,Emae,8,20.0
2019,Shefa,Emae,9,16.0
2019,Shefa,Emae,10,18.0
2019,Shefa,Emao,,306.0
2019,Shefa,Emao,PreSchool,69.0
2019,Shefa,Emao,1,42.0
2019,Shefa,Emao,2,34.0
2019,Shefa,Emao,3,35.0
2019,Shefa,Emao,4,35.0
2019,Shefa,Emao,5,30.0
2019,Shefa,Emao,6,27.0
2019,Shefa,Emao,7,15.0
2019,Shefa,Emao,8,19.0
2019,Shefa,Epi,,2504.0
2019,Shefa,Epi,PreSchool,436.0
2019,Shefa,Epi,1,295.0
2019,Shefa,Epi,2,327.0
2019,Shefa,Epi,3,283.0
2019,Shefa,Epi,4,233.0
2019,Shefa,Epi,5,200.0
2019,Shefa,Epi,6,187.0
2019,Shefa,Epi,7,122.0
2019,Shefa,Epi,8,110.0
2019,Shefa,Epi,9,117.0
2019,Shefa,Epi,10,110.0
2019,Shefa,Epi,11,42.0
2019,Shefa,Epi,12,42.0
2019,Shefa,Ifira,,181.0
2019,Shefa,Ifira,PreSchool,60.0
2019,Shefa,Ifira,1,16.0
2019,Shefa,Ifira,2,23.0
2019,Shefa,Ifira,3,28.0
2019,Shefa,Ifira,4,15.0
2019,Shefa,Ifira,5,17.0
2019,Shefa,Ifira,6,22.0
2019,Shefa,Lamen,,25.0
2019,Shefa,Lamen,PreSchool,25.0
2019,Shefa,Lelepa,,110.0
2019,Shefa,Lelepa,PreSchool,34.0
2019,Shefa,Lelepa,1,12.0
2019,Shefa,Lelepa,2,11.0
2019,Shefa,Lelepa,3,20.0
2019,Shefa,Lelepa,4,7.0
2019,Shefa,Lelepa,5,11.0
2019,Shefa,Lelepa,6,15.0
2019,Shefa,Makira,,37.0
2019,Shefa,Makira,PreSchool,9.0
2019,Shefa,Makira,1,6.0
2019,Shefa,Makira,2,4.0
2019,Shefa,Makira,3,6.0
2019,Shefa,Makira,4,6.0
2019,Shefa,Makira,5,3.0
2019,Shefa,Makira,6,3.0
2019,Shefa,Matoso,,37.0
2019,Shefa,Matoso,PreSchool,10.0
2019,Shefa,Matoso,2,9.0
2019,Shefa,Matoso,3,8.0
2019,Shefa,Matoso,4,5.0
2019,Shefa,Matoso,5,5.0
2019,Shefa,Moso,,93.0
2019,Shefa,Moso,1,17.0
2019,Shefa,Moso,2,11.0
2019,Shefa,Moso,3,15.0
2019,Shefa,Moso,4,22.0
2019,Shefa,Moso,5,14.0
2019,Shefa,Moso,6,14.0
2019,Shefa,Nguna,,470.0
2019,Shefa,Nguna,PreSchool,86.0
2019,Shefa,Nguna,1,58.0
2019,Shefa,Nguna,2,58.0
2019,Shefa,Nguna,3,49.0
2019,Shefa,Nguna,4,46.0
2019,Shefa,Nguna,5,40.0
2019,Shefa,Nguna,6,44.0
2019,Shefa,Nguna,7,53.0
2019,Shefa,Nguna,8,36.0
2019,Shefa,Pele,,99.0
2019,Shefa,Pele,1,19.0
2019,Shefa,Pele,2,17.0
2019,Shefa,Pele,3,22.0
2019,Shefa,Pele,4,10.0
2019,Shefa,Pele,5,16.0
2019,Shefa,Pele,6,15.0
2019,Shefa,Tongariki,,89.0
2019,Shefa,Tongariki,PreSchool,18.0
2019,Shefa,Tongariki,1,6.0
2019,Shefa,Tongariki,2,11.0
2019,Shefa,Tongariki,3,22.0
2019,Shefa,Tongariki,4,10.0
2019,Shefa,Tongariki,5,11.0
2019,Shefa,Tongariki,6,11.0
2019,Shefa,Tongoa,,770.0
2019,Shefa,Tongoa,PreSchool,146.0
2019,Shefa,Tongoa,1,82.0
2019,Shefa,Tongoa,2,86.0
2019,Shefa,Tongoa,3,106.0
2019,Shefa,Tongoa,4,68.0
2019,Shefa,Tongoa,5,69.0
2019,Shefa,Tongoa,6,66.0
2019,Shefa,Tongoa,7,60.0
2019,Shefa,Tongoa,8,32.0
2019,Shefa,Tongoa,9,36.0
2019,Shefa,Tongoa,10,19.0
2019,Tafea,,,16146.0
2019,Tafea,Aneityum,,533.0
2019,Tafea,Aneityum,PreSchool,99.0
2019,Tafea,Aneityum,1,40.0
2019,Tafea,Aneityum,2,62.0
2019,Tafea,Aneityum,3,66.0
2019,Tafea,Aneityum,4,60.0
2019,Tafea,Aneityum,5,38.0
2019,Tafea,Aneityum,6,55.0
2019,Tafea,Aneityum,7,34.0
2019,Tafea,Aneityum,8,26.0
2019,Tafea,Aneityum,9,38.0
2019,Tafea,Aneityum,10,15.0
2019,Tafea,Aniwa,,105.0
2019,Tafea,Aniwa,PreSchool,20.0
2019,Tafea,Aniwa,1,15.0
2019,Tafea,Aniwa,2,12.0
2019,Tafea,Aniwa,3,15.0
2019,Tafea,Aniwa,4,11.0
2019,Tafea,Aniwa,5,9.0
2019,Tafea,Aniwa,6,11.0
2019,Tafea,Aniwa,7,12.0
2019,Tafea,Erromango,,899.0
2019,Tafea,Erromango,PreSchool,151.0
2019,Tafea,Erromango,1,88.0
2019,Tafea,Erromango,2,106.0
2019,Tafea,Erromango,3,114.0
2019,Tafea,Erromango,4,99.0
2019,Tafea,Erromango,5,96.0
2019,Tafea,Erromango,6,71.0
2019,Tafea,Erromango,7,41.0
2019,Tafea,Erromango,8,48.0
2019,Tafea,Erromango,9,48.0
2019,Tafea,Erromango,10,37.0
2019,Tafea,Futuna,,283.0
2019,Tafea,Futuna,PreSchool,41.0
2019,Tafea,Futuna,1,20.0
2019,Tafea,Futuna,2,21.0
2019,Tafea,Futuna,3,22.0
2019,Tafea,Futuna,4,26.0
2019,Tafea,Futuna,5,31.0
2019,Tafea,Futuna,6,19.0
2019,Tafea,Futuna,7,21.0
2019,Tafea,Futuna,8,24.0
2019,Tafea,Futuna,9,32.0
2019,Tafea,Futuna,10,26.0
2019,Tafea,Tanna,,14326.0
2019,Tafea,Tanna,PreSchool,2357.0
2019,Tafea,Tanna,1,1924.0
2019,Tafea,Tanna,2,1889.0
2019,Tafea,Tanna,3,1882.0
2019,Tafea,Tanna,4,1442.0
2019,Tafea,Tanna,5,1236.0
2019,Tafea,Tanna,6,996.0
2019,Tafea,Tanna,7,769.0
2019,Tafea,Tanna,8,593.0
2019,Tafea,Tanna,9,500.0
2019,Tafea,Tanna,10,312.0
2019,Tafea,Tanna,11,211.0
2019,Tafea,Tanna,12,152.0
2019,Tafea,Tanna,13,63.0
2019,Torba,,,3333.0
2019,Torba,Gaua,,889.0
2019,Torba,Gaua,PreSchool,244.0
2019,Torba,Gaua,1,101.0
2019,Torba,Gaua,2,79.0
2019,Torba,Gaua,3,79.0
2019,Torba,Gaua,4,104.0
2019,Torba,Gaua,5,77.0
2019,Torba,Gaua,6,76.0
2019,Torba,Gaua,7,38.0
2019,Torba,Gaua,8,26.0
2019,Torba,Gaua,9,37.0
2019,Torba,Gaua,10,28.0
2019,Torba,Hiu,,102.0
2019,Torba,Hiu,PreSchool,27.0
2019,Torba,Hiu,1,8.0
2019,Torba,Hiu,2,16.0
2019,Torba,Hiu,3,12.0
2019,Torba,Hiu,4,19.0
2019,Torba,Hiu,5,11.0
2019,Torba,Hiu,6,9.0
2019,Torba,Loh,,111.0
2019,Torba,Loh,PreSchool,20.0
2019,Torba,Loh,1,13.0
2019,Torba,Loh,2,5.0
2019,Torba,Loh,3,6.0
2019,Torba,Loh,4,14.0
2019,Torba,Loh,5,13.0
2019,Torba,Loh,7,24.0
2019,Torba,Loh,8,16.0
2019,Torba,Mere Lava,,218.0
2019,Torba,Mere Lava,PreSchool,47.0
2019,Torba,Mere Lava,1,25.0
2019,Torba,Mere Lava,2,34.0
2019,Torba,Mere Lava,3,41.0
2019,Torba,Mere Lava,4,28.0
2019,Torba,Mere Lava,5,21.0
2019,Torba,Mere Lava,6,22.0
2019,Torba,Mota,,233.0
2019,Torba,Mota,PreSchool,61.0
2019,Torba,Mota,1,18.0
2019,Torba,Mota,2,32.0
2019,Torba,Mota,3,33.0
2019,Torba,Mota,4,29.0
2019,Torba,Mota,5,38.0
2019,Torba,Mota,6,22.0
2019,Torba,Mota Lava,,412.0
2019,Torba,Mota Lava,PreSchool,67.0
2019,Torba,Mota Lava,1,50.0
2019,Torba,Mota Lava,2,48.0
2019,Torba,Mota Lava,3,39.0
2019,Torba,Mota Lava,4,70.0
2019,Torba,Mota Lava,5,53.0
2019,Torba,Mota Lava,6,33.0
2019,Torba,Mota Lava,7,17.0
2019,Torba,Mota Lava,8,12.0
2019,Torba,Mota Lava,9,9.0
2019,Torba,Mota Lava,10,14.0
2019,Torba,Rah,,9.0
2019,Torba,Rah,PreSchool,9.0
2019,Torba,Tegua,,17.0
2019,Torba,Tegua,PreSchool,17.0
2019,Torba,Toga,,132.0
2019,Torba,Toga,PreSchool,19.0
2019,Torba,Toga,1,20.0
2019,Torba,Toga,2,11.0
2019,Torba,Toga,3,22.0
2019,Torba,Toga,4,25.0
2019,Torba,Toga,5,23.0
2019,Torba,Toga,6,12.0
2019,Torba,Ureparapara,,124.0
2019,Torba,Ureparapara,PreSchool,21.0
2019,Torba,Ureparapara,1,10.0
2019,Torba,Ureparapara,2,16.0
2019,Torba,Ureparapara,3,21.0
2019,Torba,Ureparapara,4,14.0
2019,Torba,Ureparapara,5,26.0
2019,Torba,Ureparapara,6,16.0
2019,Torba,Vanua Lava,,1086.0
2019,Torba,Vanua Lava,PreSchool,238.0
2019,Torba,Vanua Lava,1,110.0
2019,Torba,Vanua Lava,2,80.0
2019,Torba,Vanua Lava,3,90.0
2019,Torba,Vanua Lava,4,120.0
2019,Torba,Vanua Lava,5,94.0
2019,Torba,Vanua Lava,6,76.0
2019,Torba,Vanua Lava,7,73.0
2019,Torba,Vanua Lava,8,81.0
2019,Torba,Vanua Lava,9,44.0
2019,Torba,Vanua Lava,10,31.0
2019,Torba,Vanua Lava,11,17.0
2019,Torba,Vanua Lava,12,16.0
2019,Torba,Vanua Lava,13,16.0
2020,,,,95953.0
2020,Malampa,,,13923.0
2020,Malampa,Ambrym,,2493.0
2020,Malampa,Ambrym,PreSchool,484.0
2020,Malampa,Ambrym,1,300.0
2020,Malampa,Ambrym,2,229.0
2020,Malampa,Ambrym,3,255.0
2020,Malampa,Ambrym,4,270.0
2020,Malampa,Ambrym,5,245.0
2020,Malampa,Ambrym,6,225.0
2020,Malampa,Ambrym,7,172.0
2020,Malampa,Ambrym,8,129.0
2020,Malampa,Ambrym,9,103.0
2020,Malampa,Ambrym,10,81.0
2020,Malampa,Atchin,,203.0
2020,Malampa,Atchin,PreSchool,49.0
2020,Malampa,Atchin,1,25.0
2020,Malampa,Atchin,2,30.0
2020,Malampa,Atchin,3,31.0
2020,Malampa,Atchin,4,28.0
2020,Malampa,Atchin,5,26.0
2020,Malampa,Atchin,6,14.0
2020,Malampa,Avock,,74.0
2020,Malampa,Avock,1,11.0
2020,Malampa,Avock,2,12.0
2020,Malampa,Avock,3,14.0
2020,Malampa,Avock,4,14.0
2020,Malampa,Avock,5,11.0
2020,Malampa,Avock,6,12.0
2020,Malampa,Malekula,,9970.0
2020,Malampa,Malekula,PreSchool,1726.0
2020,Malampa,Malekula,1,1045.0
2020,Malampa,Malekula,2,951.0
2020,Malampa,Malekula,3,1087.0
2020,Malampa,Malekula,4,1122.0
2020,Malampa,Malekula,5,899.0
2020,Malampa,Malekula,6,783.0
2020,Malampa,Malekula,7,677.0
2020,Malampa,Malekula,8,570.0
2020,Malampa,Malekula,9,424.0
2020,Malampa,Malekula,10,357.0
2020,Malampa,Malekula,11,145.0
2020,Malampa,Malekula,12,125.0
2020,Malampa,Malekula,13,59.0
2020,Malampa,Maskelyns,,378.0
2020,Malampa,Maskelyns,PreSchool,33.0
2020,Malampa,Maskelyns,1,34.0
2020,Malampa,Maskelyns,2,38.0
2020,Malampa,Maskelyns,3,80.0
2020,Malampa,Maskelyns,4,28.0
2020,Malampa,Maskelyns,5,29.0
2020,Malampa,Maskelyns,6,26.0
2020,Malampa,Maskelyns,7,35.0
2020,Malampa,Maskelyns,8,37.0
2020,Malampa,Maskelyns,9,23.0
2020,Malampa,Maskelyns,10,15.0
2020,Malampa,Paama,,383.0
2020,Malampa,Paama,PreSchool,65.0
2020,Malampa,Paama,1,37.0
2020,Malampa,Paama,2,36.0
2020,Malampa,Paama,3,27.0
2020,Malampa,Paama,4,37.0
2020,Malampa,Paama,5,48.0
2020,Malampa,Paama,6,28.0
2020,Malampa,Paama,7,28.0
2020,Malampa,Paama,8,28.0
2020,Malampa,Paama,9,31.0
2020,Malampa,Paama,10,18.0
2020,Malampa,Uripiv,,107.0
2020,Malampa,Uripiv,1,27.0
2020,Malampa,Uripiv,2,20.0
2020,Malampa,Uripiv,3,11.0
2020,Malampa,Uripiv,4,17.0
2020,Malampa,Uripiv,5,18.0
2020,Malampa,Uripiv,6,14.0
2020,Malampa,Vao,,315.0
2020,Malampa,Vao,1,64.0
2020,Malampa,Vao,2,74.0
2020,Malampa,Vao,3,58.0
2020,Malampa,Vao,4,57.0
2020,Malampa,Vao,5,24.0
2020,Malampa,Vao,6,38.0
2020,Penama,,,10254.0
2020,Penama,Ambae,,2650.0
2020,Penama,Ambae,PreSchool,475.0
2020,Penama,Ambae,1,242.0
2020,Penama,Ambae,2,274.0
2020,Penama,Ambae,3,256.0
2020,Penama,Ambae,4,288.0
2020,Penama,Ambae,5,218.0
2020,Penama,Ambae,6,224.0
2020,Penama,Ambae,7,172.0
2020,Penama,Ambae,8,129.0
2020,Penama,Ambae,9,112.0
2020,Penama,Ambae,10,92.0
2020,Penama,Ambae,11,64.0
2020,Penama,Ambae,12,53.0
2020,Penama,Ambae,13,51.0
2020,Penama,Maewo,,1345.0
2020,Penama,Maewo,PreSchool,292.0
2020,Penama,Maewo,1,204.0
2020,Penama,Maewo,2,151.0
2020,Penama,Maewo,3,156.0
2020,Penama,Maewo,4,145.0
2020,Penama,Maewo,5,97.0
2020,Penama,Maewo,6,94.0
2020,Penama,Maewo,7,61.0
2020,Penama,Maewo,8,62.0
2020,Penama,Maewo,9,55.0
2020,Penama,Maewo,10,28.0
2020,Penama,Pentecost,,6259.0
2020,Penama,Pentecost,PreSchool,1180.0
2020,Penama,Pentecost,1,820.0
2020,Penama,Pentecost,2,686.0
2020,Penama,Pentecost,3,751.0
2020,Penama,Pentecost,4,650.0
2020,Penama,Pentecost,5,605.0
2020,Penama,Pentecost,6,485.0
2020,Penama,Pentecost,7,331.0
2020,Penama,Pentecost,8,225.0
2020,Penama,Pentecost,9,214.0
2020,Penama,Pentecost,10,182.0
2020,Penama,Pentecost,11,80.0
2020,Penama,Pentecost,12,34.0
2020,Penama,Pentecost,13,16.0
2020,Sanma,,,20953.0
2020,Sanma,Aore,,285.0
2020,Sanma,Aore,PreSchool,12.0
2020,Sanma,Aore,1,8.0
2020,Sanma,Aore,2,14.0
2020,Sanma,Aore,3,19.0
2020,Sanma,Aore,4,15.0
2020,Sanma,Aore,5,11.0
2020,Sanma,Aore,6,10.0
2020,Sanma,Aore,7,19.0
2020,Sanma,Aore,8,14.0
2020,Sanma,Aore,9,49.0
2020,Sanma,Aore,10,27.0
2020,Sanma,Aore,11,35.0
2020,Sanma,Aore,12,28.0
2020,Sanma,Aore,13,24.0
2020,Sanma,Araki,,33.0
2020,Sanma,Araki,1,6.0
2020,Sanma,Araki,2,1.0
2020,Sanma,Araki,3,12.0
2020,Sanma,Araki,4,3.0
2020,Sanma,Araki,5,6.0
2020,Sanma,Araki,6,5.0
2020,Sanma,Malo,,1374.0
2020,Sanma,Malo,PreSchool,311.0
2020,Sanma,Malo,1,172.0
2020,Sanma,Malo,2,161.0
2020,Sanma,Malo,3,191.0
2020,Sanma,Malo,4,145.0
2020,Sanma,Malo,5,140.0
2020,Sanma,Malo,6,80.0
2020,Sanma,Malo,7,71.0
2020,Sanma,Malo,8,73.0
2020,Sanma,Malo,9,30.0
2020,Sanma,Malo,,
2020,Sanma,Mavea,,43.0
2020,Sanma,Mavea,PreSchool,12.0
2020,Sanma,Mavea,1,8.0
2020,Sanma,Mavea,2,3.0
2020,Sanma,Mavea,3,4.0
2020,Sanma,Mavea,4,9.0
2020,Sanma,Mavea,5,6.0
2020,Sanma,Mavea,6,1.0
2020,Sanma,Santo,,19067.0
2020,Sanma,Santo,PreSchool,3182.0
2020,Sanma,Santo,1,1914.0
2020,Sanma,Santo,2,1911.0
2020,Sanma,Santo,3,2274.0
2020,Sanma,Santo,4,2011.0
2020,Sanma,Santo,5,1545.0
2020,Sanma,Santo,6,1436.0
2020,Sanma,Santo,7,1145.0
2020,Sanma,Santo,8,944.0
2020,Sanma,Santo,9,799.0
2020,Sanma,Santo,10,709.0
2020,Sanma,Santo,11,454.0
2020,Sanma,Santo,12,440.0
2020,Sanma,Santo,13,267.0
2020,Sanma,Santo,14,36.0
2020,Sanma,Tutuba,,151.0
2020,Sanma,Tutuba,PreSchool,54.0
2020,Sanma,Tutuba,1,21.0
2020,Sanma,Tutuba,2,18.0
2020,Sanma,Tutuba,3,21.0
2020,Sanma,Tutuba,4,18.0
2020,Sanma,Tutuba,5,12.0
2020,Sanma,Tutuba,6,7.0
2020,Shefa,,,30902.0
2020,Shefa,Buninga,,24.0
2020,Shefa,Buninga,1,4.0
2020,Shefa,Buninga,3,7.0
2020,Shefa,Buninga,5,7.0
2020,Shefa,Buninga,6,6.0
2020,Shefa,Efate,,25631.0
2020,Shefa,Efate,PreSchool,4016.0
2020,Shefa,Efate,1,2337.0
2020,Shefa,Efate,2,2374.0
2020,Shefa,Efate,3,2328.0
2020,Shefa,Efate,4,2189.0
2020,Shefa,Efate,5,1950.0
2020,Shefa,Efate,6,1765.0
2020,Shefa,Efate,7,1693.0
2020,Shefa,Efate,8,1500.0
2020,Shefa,Efate,9,1354.0
2020,Shefa,Efate,10,1208.0
2020,Shefa,Efate,11,1062.0
2020,Shefa,Efate,12,893.0
2020,Shefa,Efate,13,760.0
2020,Shefa,Efate,14,202.0
2020,Shefa,Emae,,295.0
2020,Shefa,Emae,PreSchool,28.0
2020,Shefa,Emae,1,45.0
2020,Shefa,Emae,2,28.0
2020,Shefa,Emae,3,34.0
2020,Shefa,Emae,4,32.0
2020,Shefa,Emae,5,27.0
2020,Shefa,Emae,6,26.0
2020,Shefa,Emae,7,28.0
2020,Shefa,Emae,8,16.0
2020,Shefa,Emae,9,18.0
2020,Shefa,Emae,10,13.0
2020,Shefa,Emao,,275.0
2020,Shefa,Emao,PreSchool,49.0
2020,Shefa,Emao,1,25.0
2020,Shefa,Emao,2,44.0
2020,Shefa,Emao,3,35.0
2020,Shefa,Emao,4,36.0
2020,Shefa,Emao,5,29.0
2020,Shefa,Emao,6,30.0
2020,Shefa,Emao,7,14.0
2020,Shefa,Emao,8,13.0
2020,Shefa,Epi,,2638.0
2020,Shefa,Epi,PreSchool,438.0
2020,Shefa,Epi,1,287.0
2020,Shefa,Epi,2,276.0
2020,Shefa,Epi,3,322.0
2020,Shefa,Epi,4,292.0
2020,Shefa,Epi,5,225.0
2020,Shefa,Epi,6,197.0
2020,Shefa,Epi,7,148.0
2020,Shefa,Epi,8,128.0
2020,Shefa,Epi,9,121.0
2020,Shefa,Epi,10,111.0
2020,Shefa,Epi,11,56.0
2020,Shefa,Epi,12,37.0
2020,Shefa,Ifira,,194.0
2020,Shefa,Ifira,PreSchool,48.0
2020,Shefa,Ifira,1,26.0
2020,Shefa,Ifira,2,27.0
2020,Shefa,Ifira,3,31.0
2020,Shefa,Ifira,4,30.0
2020,Shefa,Ifira,5,15.0
2020,Shefa,Ifira,7,17.0
2020,Shefa,Lamen,,27.0
2020,Shefa,Lamen,PreSchool,27.0
2020,Shefa,Lelepa,,108.0
2020,Shefa,Lelepa,PreSchool,31.0
2020,Shefa,Lelepa,1,16.0
2020,Shefa,Lelepa,2,13.0
2020,Shefa,Lelepa,3,12.0
2020,Shefa,Lelepa,4,18.0
2020,Shefa,Lelepa,5,8.0
2020,Shefa,Lelepa,6,10.0
2020,Shefa,Makira,,31.0
2020,Shefa,Makira,PreSchool,5.0
2020,Shefa,Makira,1,5.0
2020,Shefa,Makira,2,6.0
2020,Shefa,Makira,3,3.0
2020,Shefa,Makira,4,6.0
2020,Shefa,Makira,5,4.0
2020,Shefa,Makira,6,2.0
2020,Shefa,Matoso,,40.0
2020,Shefa,Matoso,PreSchool,10.0
2020,Shefa,Matoso,1,7.0
2020,Shefa,Matoso,3,15.0
2020,Shefa,Matoso,5,8.0
2020,Shefa,Moso,,101.0
2020,Shefa,Moso,1,29.0
2020,Shefa,Moso,2,10.0
2020,Shefa,Moso,3,10.0
2020,Shefa,Moso,4,19.0
2020,Shefa,Moso,5,18.0
2020,Shefa,Moso,6,15.0
2020,Shefa,Nguna,,529.0
2020,Shefa,Nguna,PreSchool,96.0
2020,Shefa,Nguna,1,52.0
2020,Shefa,Nguna,2,31.0
2020,Shefa,Nguna,3,79.0
2020,Shefa,Nguna,4,46.0
2020,Shefa,Nguna,5,44.0
2020,Shefa,Nguna,6,54.0
2020,Shefa,Nguna,7,49.0
2020,Shefa,Nguna,8,78.0
2020,Shefa,Pele,,97.0
2020,Shefa,Pele,1,13.0
2020,Shefa,Pele,2,20.0
2020,Shefa,Pele,3,16.0
2020,Shefa,Pele,4,22.0
2020,Shefa,Pele,5,10.0
2020,Shefa,Pele,6,16.0
2020,Shefa,Tongariki,,86.0
2020,Shefa,Tongariki,PreSchool,19.0
2020,Shefa,Tongariki,1,16.0
2020,Shefa,Tongariki,2,13.0
2020,Shefa,Tongariki,3,9.0
2020,Shefa,Tongariki,4,10.0
2020,Shefa,Tongariki,5,9.0
2020,Shefa,Tongariki,6,10.0
2020,Shefa,Tongoa,,826.0
2020,Shefa,Tongoa,PreSchool,127.0
2020,Shefa,Tongoa,1,110.0
2020,Shefa,Tongoa,2,89.0
2020,Shefa,Tongoa,3,93.0
2020,Shefa,Tongoa,4,114.0
2020,Shefa,Tongoa,5,65.0
2020,Shefa,Tongoa,6,77.0
2020,Shefa,Tongoa,7,48.0
2020,Shefa,Tongoa,8,56.0
2020,Shefa,Tongoa,9,27.0
2020,Shefa,Tongoa,10,20.0
2020,Tafea,,,16686.0
2020,Tafea,Aneityum,,521.0
2020,Tafea,Aneityum,PreSchool,98.0
2020,Tafea,Aneityum,1,46.0
2020,Tafea,Aneityum,2,42.0
2020,Tafea,Aneityum,3,70.0
2020,Tafea,Aneityum,4,58.0
2020,Tafea,Aneityum,5,56.0
2020,Tafea,Aneityum,6,39.0
2020,Tafea,Aneityum,7,34.0
2020,Tafea,Aneityum,8,31.0
2020,Tafea,Aneityum,9,25.0
2020,Tafea,Aneityum,10,22.0
2020,Tafea,Aniwa,,127.0
2020,Tafea,Aniwa,PreSchool,41.0
2020,Tafea,Aniwa,1,24.0
2020,Tafea,Aniwa,2,15.0
2020,Tafea,Aniwa,3,13.0
2020,Tafea,Aniwa,4,14.0
2020,Tafea,Aniwa,5,11.0
2020,Tafea,Aniwa,6,9.0
2020,Tafea,Erromango,,975.0
2020,Tafea,Erromango,PreSchool,167.0
2020,Tafea,Erromango,1,95.0
2020,Tafea,Erromango,2,92.0
2020,Tafea,Erromango,3,109.0
2020,Tafea,Erromango,4,115.0
2020,Tafea,Erromango,5,91.0
2020,Tafea,Erromango,6,93.0
2020,Tafea,Erromango,7,54.0
2020,Tafea,Erromango,8,52.0
2020,Tafea,Erromango,9,55.0
2020,Tafea,Erromango,10,52.0
2020,Tafea,Futuna,,302.0
2020,Tafea,Futuna,PreSchool,47.0
2020,Tafea,Futuna,1,18.0
2020,Tafea,Futuna,2,20.0
2020,Tafea,Futuna,3,25.0
2020,Tafea,Futuna,4,21.0
2020,Tafea,Futuna,5,26.0
2020,Tafea,Futuna,6,31.0
2020,Tafea,Futuna,7,27.0
2020,Tafea,Futuna,8,21.0
2020,Tafea,Futuna,9,34.0
2020,Tafea,Futuna,10,32.0
2020,Tafea,Tanna,,14761.0
2020,Tafea,Tanna,PreSchool,2361.0
2020,Tafea,Tanna,1,1746.0
2020,Tafea,Tanna,2,1754.0
2020,Tafea,Tanna,3,1802.0
2020,Tafea,Tanna,4,1779.0
2020,Tafea,Tanna,5,1277.0
2020,Tafea,Tanna,6,1121.0
2020,Tafea,Tanna,7,726.0
2020,Tafea,Tanna,8,756.0
2020,Tafea,Tanna,9,545.0
2020,Tafea,Tanna,10,428.0
2020,Tafea,Tanna,11,211.0
2020,Tafea,Tanna,12,137.0
2020,Tafea,Tanna,13,118.0
2020,Torba,,,3235.0
2020,Torba,Gaua,,772.0
2020,Torba,Gaua,PreSchool,165.0
2020,Torba,Gaua,1,68.0
2020,Torba,Gaua,2,91.0
2020,Torba,Gaua,3,74.0
2020,Torba,Gaua,4,74.0
2020,Torba,Gaua,5,91.0
2020,Torba,Gaua,6,73.0
2020,Torba,Gaua,7,37.0
2020,Torba,Gaua,8,37.0
2020,Torba,Gaua,9,24.0
2020,Torba,Gaua,10,38.0
2020,Torba,Hiu,,97.0
2020,Torba,Hiu,PreSchool,24.0
2020,Torba,Hiu,1,8.0
2020,Torba,Hiu,2,8.0
2020,Torba,Hiu,3,16.0
2020,Torba,Hiu,4,12.0
2020,Torba,Hiu,5,18.0
2020,Torba,Hiu,6,11.0
2020,Torba,Loh,,116.0
2020,Torba,Loh,PreSchool,23.0
2020,Torba,Loh,1,11.0
2020,Torba,Loh,2,10.0
2020,Torba,Loh,3,7.0
2020,Torba,Loh,4,3.0
2020,Torba,Loh,5,13.0
2020,Torba,Loh,6,13.0
2020,Torba,Loh,7,15.0
2020,Torba,Loh,8,21.0
2020,Torba,Mere Lava,,183.0
2020,Torba,Mere Lava,PreSchool,36.0
2020,Torba,Mere Lava,1,24.0
2020,Torba,Mere Lava,2,17.0
2020,Torba,Mere Lava,3,34.0
2020,Torba,Mere Lava,4,38.0
2020,Torba,Mere Lava,5,19.0
2020,Torba,Mere Lava,6,15.0
2020,Torba,Mota,,210.0
2020,Torba,Mota,PreSchool,39.0
2020,Torba,Mota,1,27.0
2020,Torba,Mota,2,16.0
2020,Torba,Mota,3,32.0
2020,Torba,Mota,4,31.0
2020,Torba,Mota,5,29.0
2020,Torba,Mota,6,36.0
2020,Torba,Mota Lava,,484.0
2020,Torba,Mota Lava,PreSchool,73.0
2020,Torba,Mota Lava,1,62.0
2020,Torba,Mota Lava,2,53.0
2020,Torba,Mota Lava,3,74.0
2020,Torba,Mota Lava,4,60.0
2020,Torba,Mota Lava,5,47.0
2020,Torba,Mota Lava,6,33.0
2020,Torba,Mota Lava,7,32.0
2020,Torba,Mota Lava,8,19.0
2020,Torba,Mota Lava,9,20.0
2020,Torba,Mota Lava,10,11.0
2020,Torba,Rah,,13.0
2020,Torba,Rah,PreSchool,13.0
2020,Torba,Tegua,,13.0
2020,Torba,Tegua,PreSchool,13.0
2020,Torba,Toga,,139.0
2020,Torba,Toga,PreSchool,22.0
2020,Torba,Toga,1,16.0
2020,Torba,Toga,2,20.0
2020,Torba,Toga,3,11.0
2020,Torba,Toga,4,22.0
2020,Torba,Toga,5,25.0
2020,Torba,Toga,6,23.0
2020,Torba,Ureparapara,,126.0
2020,Torba,Ureparapara,PreSchool,24.0
2020,Torba,Ureparapara,1,14.0
2020,Torba,Ureparapara,2,13.0
2020,Torba,Ureparapara,3,18.0
2020,Torba,Ureparapara,4,18.0
2020,Torba,Ureparapara,5,14.0
2020,Torba,Ureparapara,6,25.0
2020,Torba,Vanua Lava,,1082.0
2020,Torba,Vanua Lava,PreSchool,241.0
2020,Torba,Vanua Lava,1,83.0
2020,Torba,Vanua Lava,2,107.0
2020,Torba,Vanua Lava,3,72.0
2020,Torba,Vanua Lava,4,96.0
2020,Torba,Vanua Lava,5,117.0
2020,Torba,Vanua Lava,6,89.0
2020,Torba,Vanua Lava,7,91.0
2020,Torba,Vanua Lava,8,67.0
2020,Torba,Vanua Lava,9,49.0
2020,Torba,Vanua Lava,10,35.0
2020,Torba,Vanua Lava,11,21.0
2020,Torba,Vanua Lava,12,10.0
2020,Torba,Vanua Lava,13,4.0
2021,,,,98976.0
2021,Malampa,,,14062.0
2021,Malampa,Ambrym,,2403.0
2021,Malampa,Ambrym,PreSchool,398.0
2021,Malampa,Ambrym,1,258.0
2021,Malampa,Ambrym,2,269.0
2021,Malampa,Ambrym,3,247.0
2021,Malampa,Ambrym,4,254.0
2021,Malampa,Ambrym,5,261.0
2021,Malampa,Ambrym,6,230.0
2021,Malampa,Ambrym,7,165.0
2021,Malampa,Ambrym,8,147.0
2021,Malampa,Ambrym,9,94.0
2021,Malampa,Ambrym,10,80.0
2021,Malampa,Atchin,,212.0
2021,Malampa,Atchin,PreSchool,49.0
2021,Malampa,Atchin,1,30.0
2021,Malampa,Atchin,2,23.0
2021,Malampa,Atchin,3,30.0
2021,Malampa,Atchin,4,31.0
2021,Malampa,Atchin,5,21.0
2021,Malampa,Atchin,6,28.0
2021,Malampa,Avock,,62.0
2021,Malampa,Avock,2,12.0
2021,Malampa,Avock,3,11.0
2021,Malampa,Avock,4,14.0
2021,Malampa,Avock,5,14.0
2021,Malampa,Avock,6,11.0
2021,Malampa,Malekula,,10092.0
2021,Malampa,Malekula,PreSchool,1670.0
2021,Malampa,Malekula,1,1038.0
2021,Malampa,Malekula,2,954.0
2021,Malampa,Malekula,3,982.0
2021,Malampa,Malekula,4,1037.0
2021,Malampa,Malekula,5,1028.0
2021,Malampa,Malekula,6,807.0
2021,Malampa,Malekula,7,707.0
2021,Malampa,Malekula,8,600.0
2021,Malampa,Malekula,9,517.0
2021,Malampa,Malekula,10,402.0
2021,Malampa,Malekula,11,151.0
2021,Malampa,Malekula,12,133.0
2021,Malampa,Malekula,13,66.0
2021,Malampa,Maskelyns,,402.0
2021,Malampa,Maskelyns,PreSchool,39.0
2021,Malampa,Maskelyns,1,29.0
2021,Malampa,Maskelyns,2,34.0
2021,Malampa,Maskelyns,3,41.0
2021,Malampa,Maskelyns,4,81.0
2021,Malampa,Maskelyns,5,30.0
2021,Malampa,Maskelyns,6,31.0
2021,Malampa,Maskelyns,7,42.0
2021,Malampa,Maskelyns,8,19.0
2021,Malampa,Maskelyns,9,37.0
2021,Malampa,Maskelyns,10,19.0
2021,Malampa,Paama,,405.0
2021,Malampa,Paama,PreSchool,59.0
2021,Malampa,Paama,1,45.0
2021,Malampa,Paama,2,39.0
2021,Malampa,Paama,3,38.0
2021,Malampa,Paama,4,26.0
2021,Malampa,Paama,5,38.0
2021,Malampa,Paama,6,50.0
2021,Malampa,Paama,7,29.0
2021,Malampa,Paama,8,29.0
2021,Malampa,Paama,9,31.0
2021,Malampa,Paama,10,21.0
2021,Malampa,Tomman,,56.0
2021,Malampa,Tomman,1,7.0
2021,Malampa,Tomman,2,7.0
2021,Malampa,Tomman,3,13.0
2021,Malampa,Tomman,4,12.0
2021,Malampa,Tomman,5,8.0
2021,Malampa,Tomman,6,9.0
2021,Malampa,Uripiv,,107.0
2021,Malampa,Uripiv,1,20.0
2021,Malampa,Uripiv,2,27.0
2021,Malampa,Uripiv,3,17.0
2021,Malampa,Uripiv,4,11.0
2021,Malampa,Uripiv,5,15.0
2021,Malampa,Uripiv,6,17.0
2021,Malampa,Vao,,323.0
2021,Malampa,Vao,1,70.0
2021,Malampa,Vao,2,72.0
2021,Malampa,Vao,3,68.0
2021,Malampa,Vao,4,52.0
2021,Malampa,Vao,5,43.0
2021,Malampa,Vao,6,18.0
2021,Penama,,,11179.0
2021,Penama,Ambae,,3215.0
2021,Penama,Ambae,PreSchool,560.0
2021,Penama,Ambae,1,280.0
2021,Penama,Ambae,2,294.0
2021,Penama,Ambae,3,312.0
2021,Penama,Ambae,4,318.0
2021,Penama,Ambae,5,292.0
2021,Penama,Ambae,6,229.0
2021,Penama,Ambae,7,214.0
2021,Penama,Ambae,8,179.0
2021,Penama,Ambae,9,166.0
2021,Penama,Ambae,10,149.0
2021,Penama,Ambae,11,88.0
2021,Penama,Ambae,12,70.0
2021,Penama,Ambae,13,64.0
2021,Penama,Maewo,,1373.0
2021,Penama,Maewo,PreSchool,312.0
2021,Penama,Maewo,1,178.0
2021,Penama,Maewo,2,176.0
2021,Penama,Maewo,3,160.0
2021,Penama,Maewo,4,149.0
2021,Penama,Maewo,5,118.0
2021,Penama,Maewo,6,97.0
2021,Penama,Maewo,7,59.0
2021,Penama,Maewo,8,56.0
2021,Penama,Maewo,9,34.0
2021,Penama,Maewo,10,34.0
2021,Penama,Pentecost,,6591.0
2021,Penama,Pentecost,PreSchool,1142.0
2021,Penama,Pentecost,1,952.0
2021,Penama,Pentecost,2,693.0
2021,Penama,Pentecost,3,739.0
2021,Penama,Pentecost,4,712.0
2021,Penama,Pentecost,5,578.0
2021,Penama,Pentecost,6,539.0
2021,Penama,Pentecost,7,345.0
2021,Penama,Pentecost,8,292.0
2021,Penama,Pentecost,9,230.0
2021,Penama,Pentecost,10,227.0
2021,Penama,Pentecost,11,59.0
2021,Penama,Pentecost,12,64.0
2021,Penama,Pentecost,13,19.0
2021,Sanma,,,21662.0
2021,Sanma,Aore,,356.0
2021,Sanma,Aore,PreSchool,7.0
2021,Sanma,Aore,1,13.0
2021,Sanma,Aore,2,7.0
2021,Sanma,Aore,3,10.0
2021,Sanma,Aore,4,9.0
2021,Sanma,Aore,5,9.0
2021,Sanma,Aore,6,9.0
2021,Sanma,Aore,7,50.0
2021,Sanma,Aore,8,28.0
2021,Sanma,Aore,9,54.0
2021,Sanma,Aore,10,50.0
2021,Sanma,Aore,11,47.0
2021,Sanma,Aore,12,34.0
2021,Sanma,Aore,13,29.0
2021,Sanma,Araki,,36.0
2021,Sanma,Araki,1,6.0
2021,Sanma,Araki,2,7.0
2021,Sanma,Araki,3,2.0
2021,Sanma,Araki,4,12.0
2021,Sanma,Araki,5,3.0
2021,Sanma,Araki,6,6.0
2021,Sanma,Malo,,1432.0
2021,Sanma,Malo,PreSchool,289.0
2021,Sanma,Malo,1,173.0
2021,Sanma,Malo,2,171.0
2021,Sanma,Malo,3,162.0
2021,Sanma,Malo,4,177.0
2021,Sanma,Malo,5,133.0
2021,Sanma,Malo,6,134.0
2021,Sanma,Malo,7,88.0
2021,Sanma,Malo,8,71.0
2021,Sanma,Malo,9,31.0
2021,Sanma,Malo,10,3.0
2021,Sanma,Mavea,,44.0
2021,Sanma,Mavea,PreSchool,13.0
2021,Sanma,Mavea,1,5.0
2021,Sanma,Mavea,2,5.0
2021,Sanma,Mavea,3,4.0
2021,Sanma,Mavea,4,5.0
2021,Sanma,Mavea,5,9.0
2021,Sanma,Mavea,6,3.0
2021,Sanma,Santo,,19642.0
2021,Sanma,Santo,PreSchool,3430.0
2021,Sanma,Santo,1,1806.0
2021,Sanma,Santo,2,1859.0
2021,Sanma,Santo,3,1974.0
2021,Sanma,Santo,4,2236.0
2021,Sanma,Santo,5,1709.0
2021,Sanma,Santo,6,1453.0
2021,Sanma,Santo,7,1212.0
2021,Sanma,Santo,8,1012.0
2021,Sanma,Santo,9,913.0
2021,Sanma,Santo,10,810.0
2021,Sanma,Santo,11,493.0
2021,Sanma,Santo,12,407.0
2021,Sanma,Santo,13,295.0
2021,Sanma,Santo,14,33.0
2021,Sanma,Tutuba,,152.0
2021,Sanma,Tutuba,PreSchool,35.0
2021,Sanma,Tutuba,1,25.0
2021,Sanma,Tutuba,2,19.0
2021,Sanma,Tutuba,3,19.0
2021,Sanma,Tutuba,4,24.0
2021,Sanma,Tutuba,5,19.0
2021,Sanma,Tutuba,6,11.0
2021,Shefa,,,31631.0
2021,Shefa,Buninga,,17.0
2021,Shefa,Buninga,2,4.0
2021,Shefa,Buninga,4,6.0
2021,Shefa,Buninga,6,7.0
2021,Shefa,Efate,,26424.0
2021,Shefa,Efate,PreSchool,4161.0
2021,Shefa,Efate,1,2129.0
2021,Shefa,Efate,2,2406.0
2021,Shefa,Efate,3,2356.0
2021,Shefa,Efate,4,2224.0
2021,Shefa,Efate,5,2094.0
2021,Shefa,Efate,6,1882.0
2021,Shefa,Efate,7,1718.0
2021,Shefa,Efate,8,1568.0
2021,Shefa,Efate,9,1386.0
2021,Shefa,Efate,10,1302.0
2021,Shefa,Efate,11,1096.0
2021,Shefa,Efate,12,1105.0
2021,Shefa,Efate,13,815.0
2021,Shefa,Efate,14,182.0
2021,Shefa,Emae,,277.0
2021,Shefa,Emae,PreSchool,18.0
2021,Shefa,Emae,1,16.0
2021,Shefa,Emae,2,34.0
2021,Shefa,Emae,3,28.0
2021,Shefa,Emae,4,34.0
2021,Shefa,Emae,5,33.0
2021,Shefa,Emae,6,27.0
2021,Shefa,Emae,7,23.0
2021,Shefa,Emae,8,27.0
2021,Shefa,Emae,9,17.0
2021,Shefa,Emae,10,20.0
2021,Shefa,Emao,,275.0
2021,Shefa,Emao,PreSchool,33.0
2021,Shefa,Emao,1,45.0
2021,Shefa,Emao,2,34.0
2021,Shefa,Emao,3,43.0
2021,Shefa,Emao,4,21.0
2021,Shefa,Emao,5,34.0
2021,Shefa,Emao,6,30.0
2021,Shefa,Emao,7,24.0
2021,Shefa,Emao,8,11.0
2021,Shefa,Epi,,2647.0
2021,Shefa,Epi,PreSchool,474.0
2021,Shefa,Epi,1,265.0
2021,Shefa,Epi,2,272.0
2021,Shefa,Epi,3,280.0
2021,Shefa,Epi,4,289.0
2021,Shefa,Epi,5,270.0
2021,Shefa,Epi,6,217.0
2021,Shefa,Epi,7,142.0
2021,Shefa,Epi,8,150.0
2021,Shefa,Epi,9,92.0
2021,Shefa,Epi,10,111.0
2021,Shefa,Epi,11,50.0
2021,Shefa,Epi,12,35.0
2021,Shefa,Ifira,,203.0
2021,Shefa,Ifira,PreSchool,67.0
2021,Shefa,Ifira,1,24.0
2021,Shefa,Ifira,2,22.0
2021,Shefa,Ifira,3,20.0
2021,Shefa,Ifira,4,25.0
2021,Shefa,Ifira,5,30.0
2021,Shefa,Ifira,6,15.0
2021,Shefa,Lamen,,36.0
2021,Shefa,Lamen,PreSchool,36.0
2021,Shefa,Lelepa,,118.0
2021,Shefa,Lelepa,PreSchool,25.0
2021,Shefa,Lelepa,1,23.0
2021,Shefa,Lelepa,2,13.0
2021,Shefa,Lelepa,3,14.0
2021,Shefa,Lelepa,4,16.0
2021,Shefa,Lelepa,5,18.0
2021,Shefa,Lelepa,6,9.0
2021,Shefa,Makira,,36.0
2021,Shefa,Makira,PreSchool,13.0
2021,Shefa,Makira,1,3.0
2021,Shefa,Makira,2,4.0
2021,Shefa,Makira,3,6.0
2021,Shefa,Makira,4,2.0
2021,Shefa,Makira,5,5.0
2021,Shefa,Makira,6,3.0
2021,Shefa,Matoso,,30.0
2021,Shefa,Matoso,PreSchool,9.0
2021,Shefa,Matoso,2,7.0
2021,Shefa,Matoso,4,14.0
2021,Shefa,Moso,,110.0
2021,Shefa,Moso,1,24.0
2021,Shefa,Moso,2,28.0
2021,Shefa,Moso,3,9.0
2021,Shefa,Moso,4,12.0
2021,Shefa,Moso,5,19.0
2021,Shefa,Moso,6,18.0
2021,Shefa,Nguna,,547.0
2021,Shefa,Nguna,PreSchool,80.0
2021,Shefa,Nguna,1,74.0
2021,Shefa,Nguna,2,46.0
2021,Shefa,Nguna,3,51.0
2021,Shefa,Nguna,4,59.0
2021,Shefa,Nguna,5,46.0
2021,Shefa,Nguna,6,50.0
2021,Shefa,Nguna,7,52.0
2021,Shefa,Nguna,8,39.0
2021,Shefa,Nguna,9,32.0
2021,Shefa,Nguna,10,18.0
2021,Shefa,Pele,,96.0
2021,Shefa,Pele,1,16.0
2021,Shefa,Pele,2,13.0
2021,Shefa,Pele,3,19.0
2021,Shefa,Pele,4,16.0
2021,Shefa,Pele,5,21.0
2021,Shefa,Pele,6,11.0
2021,Shefa,Tongariki,,86.0
2021,Shefa,Tongariki,PreSchool,23.0
2021,Shefa,Tongariki,1,8.0
2021,Shefa,Tongariki,2,13.0
2021,Shefa,Tongariki,3,12.0
2021,Shefa,Tongariki,4,13.0
2021,Shefa,Tongariki,5,8.0
2021,Shefa,Tongariki,6,9.0
2021,Shefa,Tongoa,,729.0
2021,Shefa,Tongoa,PreSchool,127.0
2021,Shefa,Tongoa,1,83.0
2021,Shefa,Tongoa,2,90.0
2021,Shefa,Tongoa,3,90.0
2021,Shefa,Tongoa,4,82.0
2021,Shefa,Tongoa,5,97.0
2021,Shefa,Tongoa,6,73.0
2021,Shefa,Tongoa,7,35.0
2021,Shefa,Tongoa,8,44.0
2021,Shefa,Tongoa,10,8.0
2021,Tafea,,,17119.0
2021,Tafea,Aneityum,,544.0
2021,Tafea,Aneityum,PreSchool,99.0
2021,Tafea,Aneityum,1,51.0
2021,Tafea,Aneityum,2,51.0
2021,Tafea,Aneityum,3,46.0
2021,Tafea,Aneityum,4,76.0
2021,Tafea,Aneityum,5,48.0
2021,Tafea,Aneityum,6,49.0
2021,Tafea,Aneityum,7,30.0
2021,Tafea,Aneityum,8,29.0
2021,Tafea,Aneityum,9,31.0
2021,Tafea,Aneityum,10,34.0
2021,Tafea,Aniwa,,123.0
2021,Tafea,Aniwa,PreSchool,28.0
2021,Tafea,Aniwa,1,20.0
2021,Tafea,Aniwa,2,18.0
2021,Tafea,Aniwa,3,14.0
2021,Tafea,Aniwa,4,12.0
2021,Tafea,Aniwa,5,14.0
2021,Tafea,Aniwa,6,10.0
2021,Tafea,Aniwa,7,7.0
2021,Tafea,Erromango,,968.0
2021,Tafea,Erromango,PreSchool,152.0
2021,Tafea,Erromango,1,107.0
2021,Tafea,Erromango,2,62.0
2021,Tafea,Erromango,3,100.0
2021,Tafea,Erromango,4,104.0
2021,Tafea,Erromango,5,105.0
2021,Tafea,Erromango,6,84.0
2021,Tafea,Erromango,7,82.0
2021,Tafea,Erromango,8,65.0
2021,Tafea,Erromango,9,54.0
2021,Tafea,Erromango,10,53.0
2021,Tafea,Futuna,,298.0
2021,Tafea,Futuna,PreSchool,40.0
2021,Tafea,Futuna,1,26.0
2021,Tafea,Futuna,2,16.0
2021,Tafea,Futuna,3,19.0
2021,Tafea,Futuna,4,29.0
2021,Tafea,Futuna,5,19.0
2021,Tafea,Futuna,6,28.0
2021,Tafea,Futuna,7,36.0
2021,Tafea,Futuna,8,28.0
2021,Tafea,Futuna,9,27.0
2021,Tafea,Futuna,10,30.0
2021,Tafea,Tanna,,15186.0
2021,Tafea,Tanna,PreSchool,2507.0
2021,Tafea,Tanna,1,1649.0
2021,Tafea,Tanna,2,1779.0
2021,Tafea,Tanna,3,1783.0
2021,Tafea,Tanna,4,1633.0
2021,Tafea,Tanna,5,1595.0
2021,Tafea,Tanna,6,1205.0
2021,Tafea,Tanna,7,805.0
2021,Tafea,Tanna,8,662.0
2021,Tafea,Tanna,9,613.0
2021,Tafea,Tanna,10,422.0
2021,Tafea,Tanna,11,267.0
2021,Tafea,Tanna,12,166.0
2021,Tafea,Tanna,13,100.0
2021,Torba,,,3323.0
2021,Torba,Gaua,,847.0
2021,Torba,Gaua,PreSchool,161.0
2021,Torba,Gaua,1,114.0
2021,Torba,Gaua,2,85.0
2021,Torba,Gaua,3,87.0
2021,Torba,Gaua,4,104.0
2021,Torba,Gaua,5,99.0
2021,Torba,Gaua,6,61.0
2021,Torba,Gaua,7,37.0
2021,Torba,Gaua,8,45.0
2021,Torba,Gaua,9,31.0
2021,Torba,Gaua,10,23.0
2021,Torba,Hiu,,103.0
2021,Torba,Hiu,PreSchool,27.0
2021,Torba,Hiu,1,12.0
2021,Torba,Hiu,2,13.0
2021,Torba,Hiu,3,10.0
2021,Torba,Hiu,4,18.0
2021,Torba,Hiu,5,10.0
2021,Torba,Hiu,6,13.0
2021,Torba,Loh,,134.0
2021,Torba,Loh,PreSchool,16.0
2021,Torba,Loh,1,12.0
2021,Torba,Loh,2,11.0
2021,Torba,Loh,3,9.0
2021,Torba,Loh,4,7.0
2021,Torba,Loh,5,11.0
2021,Torba,Loh,6,10.0
2021,Torba,Loh,7,39.0
2021,Torba,Loh,8,19.0
2021,Torba,Mere Lava,,201.0
2021,Torba,Mere Lava,PreSchool,45.0
2021,Torba,Mere Lava,1,23.0
2021,Torba,Mere Lava,2,31.0
2021,Torba,Mere Lava,3,32.0
2021,Torba,Mere Lava,4,26.0
2021,Torba,Mere Lava,5,21.0
2021,Torba,Mere Lava,6,23.0
2021,Torba,Mota,,193.0
2021,Torba,Mota,PreSchool,48.0
2021,Torba,Mota,1,17.0
2021,Torba,Mota,2,28.0
2021,Torba,Mota,3,14.0
2021,Torba,Mota,4,29.0
2021,Torba,Mota,5,36.0
2021,Torba,Mota,6,21.0
2021,Torba,Mota Lava,,517.0
2021,Torba,Mota Lava,PreSchool,93.0
2021,Torba,Mota Lava,1,46.0
2021,Torba,Mota Lava,2,62.0
2021,Torba,Mota Lava,3,68.0
2021,Torba,Mota Lava,4,46.0
2021,Torba,Mota Lava,5,64.0
2021,Torba,Mota Lava,6,41.0
2021,Torba,Mota Lava,7,30.0
2021,Torba,Mota Lava,8,18.0
2021,Torba,Mota Lava,9,32.0
2021,Torba,Mota Lava,10,17.0
2021,Torba,Rah,,9.0
2021,Torba,Rah,PreSchool,9.0
2021,Torba,Tegua,,12.0
2021,Torba,Tegua,PreSchool,12.0
2021,Torba,Toga,,137.0
2021,Torba,Toga,PreSchool,30.0
2021,Torba,Toga,1,13.0
2021,Torba,Toga,2,16.0
2021,Torba,Toga,3,20.0
2021,Torba,Toga,4,14.0
2021,Torba,Toga,5,20.0
2021,Torba,Toga,6,24.0
2021,Torba,Ureparapara,,116.0
2021,Torba,Ureparapara,PreSchool,34.0
2021,Torba,Ureparapara,1,11.0
2021,Torba,Ureparapara,2,10.0
2021,Torba,Ureparapara,3,14.0
2021,Torba,Ureparapara,4,18.0
2021,Torba,Ureparapara,5,17.0
2021,Torba,Ureparapara,6,12.0
2021,Torba,Vanua Lava,,1054.0
2021,Torba,Vanua Lava,PreSchool,183.0
2021,Torba,Vanua Lava,1,98.0
2021,Torba,Vanua Lava,2,76.0
2021,Torba,Vanua Lava,3,108.0
2021,Torba,Vanua Lava,4,72.0
2021,Torba,Vanua Lava,5,88.0
2021,Torba,Vanua Lava,6,96.0
2021,Torba,Vanua Lava,7,103.0
2021,Torba,Vanua Lava,8,79.0
2021,Torba,Vanua Lava,9,50.0
2021,Torba,Vanua Lava,10,52.0
2021,Torba,Vanua Lava,11,24.0
2021,Torba,Vanua Lava,12,20.0
2021,Torba,Vanua Lava,13,5.0
2022,,,,98955.0
2022,Malampa,,,14372.0
2022,Malampa,Ambrym,,2555.0
2022,Malampa,Ambrym,PreSchool,417.0
2022,Malampa,Ambrym,1,284.0
2022,Malampa,Ambrym,2,245.0
2022,Malampa,Ambrym,3,277.0
2022,Malampa,Ambrym,4,249.0
2022,Malampa,Ambrym,5,235.0
2022,Malampa,Ambrym,6,235.0
2022,Malampa,Ambrym,7,189.0
2022,Malampa,Ambrym,8,154.0
2022,Malampa,Ambrym,9,153.0
2022,Malampa,Ambrym,10,117.0
2022,Malampa,Atchin,,216.0
2022,Malampa,Atchin,PreSchool,42.0
2022,Malampa,Atchin,1,44.0
2022,Malampa,Atchin,2,32.0
2022,Malampa,Atchin,3,25.0
2022,Malampa,Atchin,4,24.0
2022,Malampa,Atchin,5,25.0
2022,Malampa,Atchin,6,24.0
2022,Malampa,Avock,,65.0
2022,Malampa,Avock,1,5.0
2022,Malampa,Avock,2,6.0
2022,Malampa,Avock,3,13.0
2022,Malampa,Avock,4,11.0
2022,Malampa,Avock,5,12.0
2022,Malampa,Avock,6,18.0
2022,Malampa,Malekula,,10278.0
2022,Malampa,Malekula,PreSchool,1704.0
2022,Malampa,Malekula,1,929.0
2022,Malampa,Malekula,2,955.0
2022,Malampa,Malekula,3,958.0
2022,Malampa,Malekula,4,988.0
2022,Malampa,Malekula,5,1008.0
2022,Malampa,Malekula,6,888.0
2022,Malampa,Malekula,7,773.0
2022,Malampa,Malekula,8,660.0
2022,Malampa,Malekula,9,612.0
2022,Malampa,Malekula,10,436.0
2022,Malampa,Malekula,11,170.0
2022,Malampa,Malekula,12,125.0
2022,Malampa,Malekula,13,72.0
2022,Malampa,Maskelyns,,368.0
2022,Malampa,Maskelyns,PreSchool,38.0
2022,Malampa,Maskelyns,1,27.0
2022,Malampa,Maskelyns,2,27.0
2022,Malampa,Maskelyns,3,34.0
2022,Malampa,Maskelyns,4,38.0
2022,Malampa,Maskelyns,5,72.0
2022,Malampa,Maskelyns,6,25.0
2022,Malampa,Maskelyns,7,42.0
2022,Malampa,Maskelyns,8,30.0
2022,Malampa,Maskelyns,9,14.0
2022,Malampa,Maskelyns,10,21.0
2022,Malampa,Paama,,386.0
2022,Malampa,Paama,PreSchool,69.0
2022,Malampa,Paama,1,35.0
2022,Malampa,Paama,2,32.0
2022,Malampa,Paama,3,40.0
2022,Malampa,Paama,4,43.0
2022,Malampa,Paama,5,24.0
2022,Malampa,Paama,6,40.0
2022,Malampa,Paama,7,39.0
2022,Malampa,Paama,8,21.0
2022,Malampa,Paama,9,20.0
2022,Malampa,Paama,10,23.0
2022,Malampa,Tomman,,62.0
2022,Malampa,Tomman,1,11.0
2022,Malampa,Tomman,2,7.0
2022,Malampa,Tomman,3,8.0
2022,Malampa,Tomman,4,17.0
2022,Malampa,Tomman,5,11.0
2022,Malampa,Tomman,6,8.0
2022,Malampa,Uripiv,,110.0
2022,Malampa,Uripiv,1,16.0
2022,Malampa,Uripiv,2,21.0
2022,Malampa,Uripiv,3,28.0
2022,Malampa,Uripiv,4,17.0
2022,Malampa,Uripiv,5,12.0
2022,Malampa,Uripiv,6,16.0
2022,Malampa,Vao,,332.0
2022,Malampa,Vao,1,63.0
2022,Malampa,Vao,2,65.0
2022,Malampa,Vao,3,67.0
2022,Malampa,Vao,4,62.0
2022,Malampa,Vao,5,32.0
2022,Malampa,Vao,6,43.0
2022,Penama,,,11433.0
2022,Penama,Ambae,,3260.0
2022,Penama,Ambae,PreSchool,510.0
2022,Penama,Ambae,1,308.0
2022,Penama,Ambae,2,298.0
2022,Penama,Ambae,3,294.0
2022,Penama,Ambae,4,336.0
2022,Penama,Ambae,5,299.0
2022,Penama,Ambae,6,279.0
2022,Penama,Ambae,7,219.0
2022,Penama,Ambae,8,194.0
2022,Penama,Ambae,9,167.0
2022,Penama,Ambae,10,160.0
2022,Penama,Ambae,11,73.0
2022,Penama,Ambae,12,73.0
2022,Penama,Ambae,13,50.0
2022,Penama,Maewo,,1428.0
2022,Penama,Maewo,PreSchool,282.0
2022,Penama,Maewo,1,156.0
2022,Penama,Maewo,2,154.0
2022,Penama,Maewo,3,190.0
2022,Penama,Maewo,4,144.0
2022,Penama,Maewo,5,149.0
2022,Penama,Maewo,6,126.0
2022,Penama,Maewo,7,77.0
2022,Penama,Maewo,8,56.0
2022,Penama,Maewo,9,60.0
2022,Penama,Maewo,10,34.0
2022,Penama,Pentecost,,6745.0
2022,Penama,Pentecost,PreSchool,1163.0
2022,Penama,Pentecost,1,707.0
2022,Penama,Pentecost,2,795.0
2022,Penama,Pentecost,3,703.0
2022,Penama,Pentecost,4,733.0
2022,Penama,Pentecost,5,659.0
2022,Penama,Pentecost,6,551.0
2022,Penama,Pentecost,7,426.0
2022,Penama,Pentecost,8,336.0
2022,Penama,Pentecost,9,293.0
2022,Penama,Pentecost,10,206.0
2022,Penama,Pentecost,11,97.0
2022,Penama,Pentecost,12,47.0
2022,Penama,Pentecost,13,29.0
2022,Sanma,,,21431.0
2022,Sanma,Aore,,435.0
2022,Sanma,Aore,PreSchool,7.0
2022,Sanma,Aore,1,8.0
2022,Sanma,Aore,2,9.0
2022,Sanma,Aore,3,11.0
2022,Sanma,Aore,4,12.0
2022,Sanma,Aore,5,18.0
2022,Sanma,Aore,6,14.0
2022,Sanma,Aore,7,36.0
2022,Sanma,Aore,8,35.0
2022,Sanma,Aore,9,59.0
2022,Sanma,Aore,10,50.0
2022,Sanma,Aore,11,82.0
2022,Sanma,Aore,12,50.0
2022,Sanma,Aore,13,44.0
2022,Sanma,Araki,,37.0
2022,Sanma,Araki,1,9.0
2022,Sanma,Araki,2,6.0
2022,Sanma,Araki,3,7.0
2022,Sanma,Araki,4,2.0
2022,Sanma,Araki,5,10.0
2022,Sanma,Araki,6,3.0
2022,Sanma,Malo,,1464.0
2022,Sanma,Malo,PreSchool,270.0
2022,Sanma,Malo,1,124.0
2022,Sanma,Malo,2,166.0
2022,Sanma,Malo,3,158.0
2022,Sanma,Malo,4,158.0
2022,Sanma,Malo,5,165.0
2022,Sanma,Malo,6,138.0
2022,Sanma,Malo,7,102.0
2022,Sanma,Malo,8,82.0
2022,Sanma,Malo,9,43.0
2022,Sanma,Malo,10,58.0
2022,Sanma,Mavea,,32.0
2022,Sanma,Mavea,1,4.0
2022,Sanma,Mavea,2,5.0
2022,Sanma,Mavea,3,5.0
2022,Sanma,Mavea,4,5.0
2022,Sanma,Mavea,5,7.0
2022,Sanma,Mavea,6,6.0
2022,Sanma,Santo,,19299.0
2022,Sanma,Santo,PreSchool,2715.0
2022,Sanma,Santo,1,1747.0
2022,Sanma,Santo,2,1778.0
2022,Sanma,Santo,3,1875.0
2022,Sanma,Santo,4,1923.0
2022,Sanma,Santo,5,2088.0
2022,Sanma,Santo,6,1665.0
2022,Sanma,Santo,7,1238.0
2022,Sanma,Santo,8,1081.0
2022,Sanma,Santo,9,1041.0
2022,Sanma,Santo,10,795.0
2022,Sanma,Santo,11,532.0
2022,Sanma,Santo,12,409.0
2022,Sanma,Santo,13,341.0
2022,Sanma,Santo,14,71.0
2022,Sanma,Tutuba,,164.0
2022,Sanma,Tutuba,PreSchool,48.0
2022,Sanma,Tutuba,1,20.0
2022,Sanma,Tutuba,2,16.0
2022,Sanma,Tutuba,3,17.0
2022,Sanma,Tutuba,4,20.0
2022,Sanma,Tutuba,5,23.0
2022,Sanma,Tutuba,6,20.0
2022,Shefa,,,31354.0
2022,Shefa,Buninga,,32.0
2022,Shefa,Buninga,PreSchool,11.0
2022,Shefa,Buninga,1,6.0
2022,Shefa,Buninga,3,4.0
2022,Shefa,Buninga,5,5.0
2022,Shefa,Buninga,6,6.0
2022,Shefa,Efate,,26225.0
2022,Shefa,Efate,PreSchool,3870.0
2022,Shefa,Efate,1,2024.0
2022,Shefa,Efate,2,2093.0
2022,Shefa,Efate,3,2390.0
2022,Shefa,Efate,4,2275.0
2022,Shefa,Efate,5,2125.0
2022,Shefa,Efate,6,2054.0
2022,Shefa,Efate,7,1775.0
2022,Shefa,Efate,8,1651.0
2022,Shefa,Efate,9,1307.0
2022,Shefa,Efate,10,1337.0
2022,Shefa,Efate,11,1060.0
2022,Shefa,Efate,12,1040.0
2022,Shefa,Efate,13,971.0
2022,Shefa,Efate,14,253.0
2022,Shefa,Emae,,282.0
2022,Shefa,Emae,1,27.0
2022,Shefa,Emae,2,24.0
2022,Shefa,Emae,3,30.0
2022,Shefa,Emae,4,32.0
2022,Shefa,Emae,5,33.0
2022,Shefa,Emae,6,28.0
2022,Shefa,Emae,7,32.0
2022,Shefa,Emae,8,28.0
2022,Shefa,Emae,9,27.0
2022,Shefa,Emae,10,21.0
2022,Shefa,Emao,,300.0
2022,Shefa,Emao,PreSchool,52.0
2022,Shefa,Emao,1,38.0
2022,Shefa,Emao,2,36.0
2022,Shefa,Emao,3,32.0
2022,Shefa,Emao,4,38.0
2022,Shefa,Emao,5,22.0
2022,Shefa,Emao,6,34.0
2022,Shefa,Emao,7,23.0
2022,Shefa,Emao,8,25.0
2022,Shefa,Epi,,2601.0
2022,Shefa,Epi,PreSchool,377.0
2022,Shefa,Epi,1,278.0
2022,Shefa,Epi,2,273.0
2022,Shefa,Epi,3,288.0
2022,Shefa,Epi,4,252.0
2022,Shefa,Epi,5,283.0
2022,Shefa,Epi,6,277.0
2022,Shefa,Epi,7,146.0
2022,Shefa,Epi,8,144.0
2022,Shefa,Epi,9,119.0
2022,Shefa,Epi,10,86.0
2022,Shefa,Epi,11,41.0
2022,Shefa,Epi,12,37.0
2022,Shefa,Ifira,,157.0
2022,Shefa,Ifira,PreSchool,28.0
2022,Shefa,Ifira,1,19.0
2022,Shefa,Ifira,2,24.0
2022,Shefa,Ifira,3,17.0
2022,Shefa,Ifira,4,21.0
2022,Shefa,Ifira,5,22.0
2022,Shefa,Ifira,6,26.0
2022,Shefa,Lamen,,36.0
2022,Shefa,Lamen,PreSchool,36.0
2022,Shefa,Lelepa,,130.0
2022,Shefa,Lelepa,PreSchool,29.0
2022,Shefa,Lelepa,1,16.0
2022,Shefa,Lelepa,2,21.0
2022,Shefa,Lelepa,3,13.0
2022,Shefa,Lelepa,4,16.0
2022,Shefa,Lelepa,5,15.0
2022,Shefa,Lelepa,6,20.0
2022,Shefa,Makira,,41.0
2022,Shefa,Makira,PreSchool,13.0
2022,Shefa,Makira,1,2.0
2022,Shefa,Makira,2,4.0
2022,Shefa,Makira,3,9.0
2022,Shefa,Makira,4,5.0
2022,Shefa,Makira,5,6.0
2022,Shefa,Makira,6,2.0
2022,Shefa,Matoso,,30.0
2022,Shefa,Matoso,1,9.0
2022,Shefa,Matoso,3,7.0
2022,Shefa,Matoso,5,14.0
2022,Shefa,Moso,,113.0
2022,Shefa,Moso,1,17.0
2022,Shefa,Moso,2,27.0
2022,Shefa,Moso,3,21.0
2022,Shefa,Moso,4,15.0
2022,Shefa,Moso,5,12.0
2022,Shefa,Moso,6,21.0
2022,Shefa,Nguna,,538.0
2022,Shefa,Nguna,PreSchool,69.0
2022,Shefa,Nguna,1,55.0
2022,Shefa,Nguna,2,70.0
2022,Shefa,Nguna,3,39.0
2022,Shefa,Nguna,4,52.0
2022,Shefa,Nguna,5,54.0
2022,Shefa,Nguna,6,48.0
2022,Shefa,Nguna,7,45.0
2022,Shefa,Nguna,8,46.0
2022,Shefa,Nguna,9,32.0
2022,Shefa,Nguna,10,28.0
2022,Shefa,Pele,,103.0
2022,Shefa,Pele,1,18.0
2022,Shefa,Pele,2,15.0
2022,Shefa,Pele,3,14.0
2022,Shefa,Pele,4,22.0
2022,Shefa,Pele,5,16.0
2022,Shefa,Pele,6,18.0
2022,Shefa,Tongariki,,90.0
2022,Shefa,Tongariki,PreSchool,22.0
2022,Shefa,Tongariki,1,16.0
2022,Shefa,Tongariki,2,10.0
2022,Shefa,Tongariki,3,12.0
2022,Shefa,Tongariki,4,9.0
2022,Shefa,Tongariki,5,16.0
2022,Shefa,Tongariki,6,5.0
2022,Shefa,Tongoa,,676.0
2022,Shefa,Tongoa,PreSchool,113.0
2022,Shefa,Tongoa,1,87.0
2022,Shefa,Tongoa,2,71.0
2022,Shefa,Tongoa,3,86.0
2022,Shefa,Tongoa,4,88.0
2022,Shefa,Tongoa,5,75.0
2022,Shefa,Tongoa,6,92.0
2022,Shefa,Tongoa,7,11.0
2022,Shefa,Tongoa,8,33.0
2022,Shefa,Tongoa,9,20.0
2022,Tafea,,,16898.0
2022,Tafea,Aneityum,,529.0
2022,Tafea,Aneityum,PreSchool,107.0
2022,Tafea,Aneityum,1,31.0
2022,Tafea,Aneityum,2,52.0
2022,Tafea,Aneityum,3,50.0
2022,Tafea,Aneityum,4,49.0
2022,Tafea,Aneityum,5,70.0
2022,Tafea,Aneityum,6,48.0
2022,Tafea,Aneityum,7,43.0
2022,Tafea,Aneityum,8,31.0
2022,Tafea,Aneityum,9,27.0
2022,Tafea,Aneityum,10,21.0
2022,Tafea,Aniwa,,141.0
2022,Tafea,Aniwa,PreSchool,37.0
2022,Tafea,Aniwa,1,13.0
2022,Tafea,Aniwa,2,21.0
2022,Tafea,Aniwa,3,14.0
2022,Tafea,Aniwa,4,14.0
2022,Tafea,Aniwa,5,12.0
2022,Tafea,Aniwa,6,13.0
2022,Tafea,Aniwa,7,10.0
2022,Tafea,Aniwa,8,7.0
2022,Tafea,Erromango,,936.0
2022,Tafea,Erromango,PreSchool,121.0
2022,Tafea,Erromango,1,120.0
2022,Tafea,Erromango,2,96.0
2022,Tafea,Erromango,3,61.0
2022,Tafea,Erromango,4,99.0
2022,Tafea,Erromango,5,99.0
2022,Tafea,Erromango,6,93.0
2022,Tafea,Erromango,7,67.0
2022,Tafea,Erromango,8,75.0
2022,Tafea,Erromango,9,53.0
2022,Tafea,Erromango,10,52.0
2022,Tafea,Futuna,,291.0
2022,Tafea,Futuna,PreSchool,46.0
2022,Tafea,Futuna,1,22.0
2022,Tafea,Futuna,2,26.0
2022,Tafea,Futuna,3,16.0
2022,Tafea,Futuna,4,19.0
2022,Tafea,Futuna,5,29.0
2022,Tafea,Futuna,6,19.0
2022,Tafea,Futuna,7,27.0
2022,Tafea,Futuna,8,35.0
2022,Tafea,Futuna,9,28.0
2022,Tafea,Futuna,10,24.0
2022,Tafea,Tanna,,15001.0
2022,Tafea,Tanna,PreSchool,2358.0
2022,Tafea,Tanna,1,1454.0
2022,Tafea,Tanna,2,1560.0
2022,Tafea,Tanna,3,1688.0
2022,Tafea,Tanna,4,1670.0
2022,Tafea,Tanna,5,1505.0
2022,Tafea,Tanna,6,1499.0
2022,Tafea,Tanna,7,836.0
2022,Tafea,Tanna,8,736.0
2022,Tafea,Tanna,9,622.0
2022,Tafea,Tanna,10,477.0
2022,Tafea,Tanna,11,271.0
2022,Tafea,Tanna,12,210.0
2022,Tafea,Tanna,13,115.0
2022,Torba,,,3467.0
2022,Torba,Gaua,,1005.0
2022,Torba,Gaua,PreSchool,176.0
2022,Torba,Gaua,1,113.0
2022,Torba,Gaua,2,106.0
2022,Torba,Gaua,3,114.0
2022,Torba,Gaua,4,100.0
2022,Torba,Gaua,5,116.0
2022,Torba,Gaua,6,100.0
2022,Torba,Gaua,7,52.0
2022,Torba,Gaua,8,32.0
2022,Torba,Gaua,9,71.0
2022,Torba,Gaua,10,25.0
2022,Torba,Hiu,,109.0
2022,Torba,Hiu,PreSchool,27.0
2022,Torba,Hiu,1,22.0
2022,Torba,Hiu,2,11.0
2022,Torba,Hiu,3,12.0
2022,Torba,Hiu,4,11.0
2022,Torba,Hiu,5,18.0
2022,Torba,Hiu,6,8.0
2022,Torba,Loh,,182.0
2022,Torba,Loh,PreSchool,12.0
2022,Torba,Loh,1,11.0
2022,Torba,Loh,2,12.0
2022,Torba,Loh,3,12.0
2022,Torba,Loh,4,10.0
2022,Torba,Loh,5,7.0
2022,Torba,Loh,6,11.0
2022,Torba,Loh,7,42.0
2022,Torba,Loh,8,42.0
2022,Torba,Loh,9,23.0
2022,Torba,Mere Lava,,171.0
2022,Torba,Mere Lava,PreSchool,27.0
2022,Torba,Mere Lava,1,21.0
2022,Torba,Mere Lava,2,29.0
2022,Torba,Mere Lava,3,29.0
2022,Torba,Mere Lava,4,25.0
2022,Torba,Mere Lava,5,22.0
2022,Torba,Mere Lava,6,18.0
2022,Torba,Mota,,168.0
2022,Torba,Mota,PreSchool,29.0
2022,Torba,Mota,1,21.0
2022,Torba,Mota,2,23.0
2022,Torba,Mota,3,25.0
2022,Torba,Mota,4,15.0
2022,Torba,Mota,5,26.0
2022,Torba,Mota,6,29.0
2022,Torba,Mota Lava,,504.0
2022,Torba,Mota Lava,PreSchool,79.0
2022,Torba,Mota Lava,1,50.0
2022,Torba,Mota Lava,2,46.0
2022,Torba,Mota Lava,3,58.0
2022,Torba,Mota Lava,4,65.0
2022,Torba,Mota Lava,5,44.0
2022,Torba,Mota Lava,6,55.0
2022,Torba,Mota Lava,7,32.0
2022,Torba,Mota Lava,8,28.0
2022,Torba,Mota Lava,9,19.0
2022,Torba,Mota Lava,10,28.0
2022,Torba,Rah,,13.0
2022,Torba,Rah,PreSchool,13.0
2022,Torba,Tegua,,7.0
2022,Torba,Tegua,PreSchool,7.0
2022,Torba,Toga,,153.0
2022,Torba,Toga,PreSchool,44.0
2022,Torba,Toga,1,22.0
2022,Torba,Toga,2,14.0
2022,Torba,Toga,3,17.0
2022,Torba,Toga,4,20.0
2022,Torba,Toga,5,14.0
2022,Torba,Toga,6,22.0
2022,Torba,Ureparapara,,122.0
2022,Torba,Ureparapara,PreSchool,33.0
2022,Torba,Ureparapara,1,18.0
2022,Torba,Ureparapara,2,11.0
2022,Torba,Ureparapara,3,10.0
2022,Torba,Ureparapara,4,16.0
2022,Torba,Ureparapara,5,17.0
2022,Torba,Ureparapara,6,17.0
2022,Torba,Vanua Lava,,1033.0
2022,Torba,Vanua Lava,PreSchool,176.0
2022,Torba,Vanua Lava,1,92.0
2022,Torba,Vanua Lava,2,99.0
2022,Torba,Vanua Lava,3,79.0
2022,Torba,Vanua Lava,4,107.0
2022,Torba,Vanua Lava,5,75.0
2022,Torba,Vanua Lava,6,86.0
2022,Torba,Vanua Lava,7,103.0
2022,Torba,Vanua Lava,8,85.0
2022,Torba,Vanua Lava,9,54.0
2022,Torba,Vanua Lava,10,32.0
2022,Torba,Vanua Lava,11,16.0
2022,Torba,Vanua Lava,12,15.0
2022,Torba,Vanua Lava,13,14.0
